left_knee_angle,right_knee_angle,label,source
69.6,69.2,squat_down,../raw_videos/squat.mp4
65.6,67.5,squat_down,../raw_videos/squat.mp4
61.8,65.2,squat_down,../raw_videos/squat.mp4
59.6,62.8,squat_down,../raw_videos/squat.mp4
55.4,60.6,squat_down,../raw_videos/squat.mp4
53.5,58.8,squat_down,../raw_videos/squat.mp4
50.9,57.0,squat_down,../raw_videos/squat.mp4
72.3,69.1,squat_down,../raw_videos/squat.mp4
69.3,67.1,squat_down,../raw_videos/squat.mp4
66.5,64.7,squat_down,../raw_videos/squat.mp4
62.8,62.0,squat_down,../raw_videos/squat.mp4
59.4,60.2,squat_down,../raw_videos/squat.mp4
57.2,58.1,squat_down,../raw_videos/squat.mp4
52.4,55.8,squat_down,../raw_videos/squat.mp4
48.8,53.5,squat_down,../raw_videos/squat.mp4
47.7,52.0,squat_down,../raw_videos/squat.mp4
75.2,73.7,squat_down,../raw_videos/squat.mp4
72.3,70.6,squat_down,../raw_videos/squat.mp4
68.5,67.7,squat_down,../raw_videos/squat.mp4
64.8,64.9,squat_down,../raw_videos/squat.mp4
60.5,61.9,squat_down,../raw_videos/squat.mp4
57.5,59.2,squat_down,../raw_videos/squat.mp4
52.7,56.7,squat_down,../raw_videos/squat.mp4
48.0,53.6,squat_down,../raw_videos/squat.mp4
46.3,51.8,squat_down,../raw_videos/squat.mp4
44.3,49.7,squat_down,../raw_videos/squat.mp4
83.8,82.3,squat_down,../raw_videos/squat.mp4
81.2,79.0,squat_down,../raw_videos/squat.mp4
79.0,76.8,squat_down,../raw_videos/squat.mp4
76.1,73.9,squat_down,../raw_videos/squat.mp4
73.7,72.5,squat_down,../raw_videos/squat.mp4
71.5,71.5,squat_down,../raw_videos/squat.mp4
69.6,69.6,squat_down,../raw_videos/squat.mp4
66.8,67.8,squat_down,../raw_videos/squat.mp4
64.8,66.7,squat_down,../raw_videos/squat.mp4
63.4,65.8,squat_down,../raw_videos/squat.mp4
62.0,64.5,squat_down,../raw_videos/squat.mp4
60.6,63.3,squat_down,../raw_videos/squat.mp4
59.0,62.1,squat_down,../raw_videos/squat.mp4
56.7,60.6,squat_down,../raw_videos/squat.mp4
54.9,59.4,squat_down,../raw_videos/squat.mp4
53.5,58.2,squat_down,../raw_videos/squat.mp4
51.5,56.6,squat_down,../raw_videos/squat.mp4
48.9,54.2,squat_down,../raw_videos/squat.mp4
46.3,52.7,squat_down,../raw_videos/squat.mp4
43.9,51.7,squat_down,../raw_videos/squat.mp4
86.7,85.0,squat_down,../raw_videos/squat.mp4
83.8,81.9,squat_down,../raw_videos/squat.mp4
82.5,79.6,squat_down,../raw_videos/squat.mp4
79.0,77.0,squat_down,../raw_videos/squat.mp4
76.5,75.3,squat_down,../raw_videos/squat.mp4
73.5,74.2,squat_down,../raw_videos/squat.mp4
71.6,73.1,squat_down,../raw_videos/squat.mp4
70.1,71.4,squat_down,../raw_videos/squat.mp4
67.8,69.8,squat_down,../raw_videos/squat.mp4
64.9,68.1,squat_down,../raw_videos/squat.mp4
62.8,67.1,squat_down,../raw_videos/squat.mp4
61.2,65.3,squat_down,../raw_videos/squat.mp4
59.4,63.7,squat_down,../raw_videos/squat.mp4
57.4,61.8,squat_down,../raw_videos/squat.mp4
55.5,60.4,squat_down,../raw_videos/squat.mp4
53.8,59.2,squat_down,../raw_videos/squat.mp4
52.7,57.8,squat_down,../raw_videos/squat.mp4
51.6,56.2,squat_down,../raw_videos/squat.mp4
49.9,54.5,squat_down,../raw_videos/squat.mp4
48.1,53.2,squat_down,../raw_videos/squat.mp4
47.2,52.3,squat_down,../raw_videos/squat.mp4
84.7,81.4,squat_down,../raw_videos/squat.mp4
82.3,78.9,squat_down,../raw_videos/squat.mp4
79.2,76.5,squat_down,../raw_videos/squat.mp4
75.6,74.3,squat_down,../raw_videos/squat.mp4
73.5,73.1,squat_down,../raw_videos/squat.mp4
70.2,70.8,squat_down,../raw_videos/squat.mp4
67.5,68.6,squat_down,../raw_videos/squat.mp4
64.2,66.3,squat_down,../raw_videos/squat.mp4
63.1,65.4,squat_down,../raw_videos/squat.mp4
61.5,63.9,squat_down,../raw_videos/squat.mp4
59.6,62.9,squat_down,../raw_videos/squat.mp4
57.5,61.6,squat_down,../raw_videos/squat.mp4
55.8,59.9,squat_down,../raw_videos/squat.mp4
54.2,58.6,squat_down,../raw_videos/squat.mp4
51.4,56.6,squat_down,../raw_videos/squat.mp4
47.9,54.6,squat_down,../raw_videos/squat.mp4
46.5,52.2,squat_down,../raw_videos/squat.mp4
46.0,50.8,squat_down,../raw_videos/squat.mp4
167.6,160.1,squat_up,../raw_videos/squat2.mp4
164.5,158.7,squat_up,../raw_videos/squat2.mp4
166.6,159.8,squat_up,../raw_videos/squat2.mp4
166.0,162.2,squat_up,../raw_videos/squat2.mp4
165.1,161.8,squat_up,../raw_videos/squat2.mp4
164.7,162.1,squat_up,../raw_videos/squat2.mp4
163.6,160.5,squat_up,../raw_videos/squat2.mp4
162.5,160.1,squat_up,../raw_videos/squat2.mp4
161.7,158.5,squat_up,../raw_videos/squat2.mp4
157.2,154.4,squat_up,../raw_videos/squat2.mp4
154.6,151.1,squat_up,../raw_videos/squat2.mp4
113.2,92.6,squat_down,../raw_videos/squat2.mp4
103.5,85.7,squat_down,../raw_videos/squat2.mp4
98.7,80.5,squat_down,../raw_videos/squat2.mp4
94.1,74.2,squat_down,../raw_videos/squat2.mp4
87.0,66.7,squat_down,../raw_videos/squat2.mp4
82.7,65.2,squat_down,../raw_videos/squat2.mp4
77.0,63.2,squat_down,../raw_videos/squat2.mp4
74.9,60.2,squat_down,../raw_videos/squat2.mp4
69.4,54.8,squat_down,../raw_videos/squat2.mp4
66.0,52.5,squat_down,../raw_videos/squat2.mp4
64.1,49.2,squat_down,../raw_videos/squat2.mp4
60.7,46.0,squat_down,../raw_videos/squat2.mp4
57.6,43.5,squat_down,../raw_videos/squat2.mp4
56.6,42.7,squat_down,../raw_videos/squat2.mp4
52.8,41.9,squat_down,../raw_videos/squat2.mp4
49.9,40.5,squat_down,../raw_videos/squat2.mp4
47.7,39.3,squat_down,../raw_videos/squat2.mp4
46.4,39.1,squat_down,../raw_videos/squat2.mp4
45.5,38.2,squat_down,../raw_videos/squat2.mp4
44.2,37.3,squat_down,../raw_videos/squat2.mp4
43.0,36.2,squat_down,../raw_videos/squat2.mp4
41.3,33.8,squat_down,../raw_videos/squat2.mp4
40.8,32.3,squat_down,../raw_videos/squat2.mp4
41.1,32.1,squat_down,../raw_videos/squat2.mp4
41.2,30.4,squat_down,../raw_videos/squat2.mp4
41.5,30.1,squat_down,../raw_videos/squat2.mp4
42.2,30.6,squat_down,../raw_videos/squat2.mp4
50.7,37.4,squat_down,../raw_videos/squat2.mp4
52.6,41.4,squat_down,../raw_videos/squat2.mp4
53.9,44.1,squat_down,../raw_videos/squat2.mp4
55.3,46.1,squat_down,../raw_videos/squat2.mp4
56.7,47.5,squat_down,../raw_videos/squat2.mp4
57.4,49.7,squat_down,../raw_videos/squat2.mp4
58.1,51.5,squat_down,../raw_videos/squat2.mp4
58.7,53.1,squat_down,../raw_videos/squat2.mp4
59.7,54.0,squat_down,../raw_videos/squat2.mp4
59.8,53.7,squat_down,../raw_videos/squat2.mp4
59.9,53.6,squat_down,../raw_videos/squat2.mp4
60.2,53.5,squat_down,../raw_videos/squat2.mp4
60.6,53.1,squat_down,../raw_videos/squat2.mp4
60.3,52.3,squat_down,../raw_videos/squat2.mp4
60.0,51.9,squat_down,../raw_videos/squat2.mp4
59.5,50.9,squat_down,../raw_videos/squat2.mp4
58.3,49.2,squat_down,../raw_videos/squat2.mp4
56.7,47.4,squat_down,../raw_videos/squat2.mp4
55.0,46.0,squat_down,../raw_videos/squat2.mp4
53.5,44.7,squat_down,../raw_videos/squat2.mp4
51.5,43.4,squat_down,../raw_videos/squat2.mp4
49.8,42.3,squat_down,../raw_videos/squat2.mp4
48.6,41.9,squat_down,../raw_videos/squat2.mp4
47.0,41.0,squat_down,../raw_videos/squat2.mp4
46.2,40.3,squat_down,../raw_videos/squat2.mp4
45.3,39.7,squat_down,../raw_videos/squat2.mp4
44.4,39.2,squat_down,../raw_videos/squat2.mp4
43.7,38.2,squat_down,../raw_videos/squat2.mp4
43.4,37.6,squat_down,../raw_videos/squat2.mp4
43.1,37.0,squat_down,../raw_videos/squat2.mp4
43.8,36.4,squat_down,../raw_videos/squat2.mp4
43.9,36.1,squat_down,../raw_videos/squat2.mp4
44.3,36.3,squat_down,../raw_videos/squat2.mp4
44.8,36.1,squat_down,../raw_videos/squat2.mp4
45.2,36.6,squat_down,../raw_videos/squat2.mp4
47.5,38.1,squat_down,../raw_videos/squat2.mp4
53.1,43.0,squat_down,../raw_videos/squat2.mp4
54.2,44.3,squat_down,../raw_videos/squat2.mp4
55.3,45.8,squat_down,../raw_videos/squat2.mp4
56.3,47.5,squat_down,../raw_videos/squat2.mp4
57.3,49.5,squat_down,../raw_videos/squat2.mp4
58.6,52.3,squat_down,../raw_videos/squat2.mp4
59.8,54.6,squat_down,../raw_videos/squat2.mp4
60.6,55.2,squat_down,../raw_videos/squat2.mp4
61.6,56.0,squat_down,../raw_videos/squat2.mp4
63.7,56.8,squat_down,../raw_videos/squat2.mp4
64.5,56.9,squat_down,../raw_videos/squat2.mp4
65.9,57.0,squat_down,../raw_videos/squat2.mp4
66.2,56.8,squat_down,../raw_videos/squat2.mp4
66.3,56.6,squat_down,../raw_videos/squat2.mp4
66.3,56.1,squat_down,../raw_videos/squat2.mp4
65.9,55.5,squat_down,../raw_videos/squat2.mp4
65.4,54.7,squat_down,../raw_videos/squat2.mp4
64.4,53.0,squat_down,../raw_videos/squat2.mp4
63.2,51.3,squat_down,../raw_videos/squat2.mp4
61.7,49.4,squat_down,../raw_videos/squat2.mp4
60.3,48.5,squat_down,../raw_videos/squat2.mp4
58.9,47.2,squat_down,../raw_videos/squat2.mp4
57.0,46.3,squat_down,../raw_videos/squat2.mp4
55.5,44.9,squat_down,../raw_videos/squat2.mp4
53.6,43.7,squat_down,../raw_videos/squat2.mp4
51.7,42.4,squat_down,../raw_videos/squat2.mp4
49.2,41.4,squat_down,../raw_videos/squat2.mp4
47.6,40.7,squat_down,../raw_videos/squat2.mp4
46.6,40.5,squat_down,../raw_videos/squat2.mp4
45.4,39.2,squat_down,../raw_videos/squat2.mp4
44.9,38.3,squat_down,../raw_videos/squat2.mp4
44.3,37.4,squat_down,../raw_videos/squat2.mp4
43.7,36.9,squat_down,../raw_videos/squat2.mp4
43.7,36.8,squat_down,../raw_videos/squat2.mp4
44.1,36.6,squat_down,../raw_videos/squat2.mp4
55.4,45.7,squat_down,../raw_videos/squat2.mp4
55.5,47.0,squat_down,../raw_videos/squat2.mp4
56.4,48.8,squat_down,../raw_videos/squat2.mp4
57.7,51.5,squat_down,../raw_videos/squat2.mp4
58.1,53.2,squat_down,../raw_videos/squat2.mp4
59.4,54.9,squat_down,../raw_videos/squat2.mp4
60.6,56.0,squat_down,../raw_videos/squat2.mp4
61.9,56.6,squat_down,../raw_videos/squat2.mp4
63.6,57.7,squat_down,../raw_videos/squat2.mp4
64.9,57.6,squat_down,../raw_videos/squat2.mp4
65.8,57.6,squat_down,../raw_videos/squat2.mp4
65.9,57.0,squat_down,../raw_videos/squat2.mp4
65.6,56.1,squat_down,../raw_videos/squat2.mp4
65.2,55.0,squat_down,../raw_videos/squat2.mp4
64.7,54.1,squat_down,../raw_videos/squat2.mp4
63.7,52.9,squat_down,../raw_videos/squat2.mp4
62.4,51.3,squat_down,../raw_videos/squat2.mp4
61.3,49.7,squat_down,../raw_videos/squat2.mp4
60.1,48.2,squat_down,../raw_videos/squat2.mp4
59.0,46.9,squat_down,../raw_videos/squat2.mp4
56.9,45.0,squat_down,../raw_videos/squat2.mp4
55.5,44.6,squat_down,../raw_videos/squat2.mp4
53.8,44.1,squat_down,../raw_videos/squat2.mp4
51.8,42.6,squat_down,../raw_videos/squat2.mp4
51.0,41.7,squat_down,../raw_videos/squat2.mp4
48.3,40.4,squat_down,../raw_videos/squat2.mp4
47.3,40.5,squat_down,../raw_videos/squat2.mp4
46.1,40.0,squat_down,../raw_videos/squat2.mp4
44.6,38.9,squat_down,../raw_videos/squat2.mp4
44.5,38.6,squat_down,../raw_videos/squat2.mp4
44.7,37.8,squat_down,../raw_videos/squat2.mp4
43.7,36.1,squat_down,../raw_videos/squat2.mp4
44.3,36.2,squat_down,../raw_videos/squat2.mp4
44.8,36.3,squat_down,../raw_videos/squat2.mp4
53.9,41.9,squat_down,../raw_videos/squat2.mp4
55.0,43.1,squat_down,../raw_videos/squat2.mp4
55.6,44.6,squat_down,../raw_videos/squat2.mp4
56.4,46.4,squat_down,../raw_videos/squat2.mp4
57.6,48.5,squat_down,../raw_videos/squat2.mp4
58.3,51.0,squat_down,../raw_videos/squat2.mp4
59.3,52.8,squat_down,../raw_videos/squat2.mp4
60.5,54.2,squat_down,../raw_videos/squat2.mp4
61.8,55.5,squat_down,../raw_videos/squat2.mp4
64.3,56.8,squat_down,../raw_videos/squat2.mp4
65.8,57.6,squat_down,../raw_videos/squat2.mp4
66.8,57.8,squat_down,../raw_videos/squat2.mp4
67.0,57.5,squat_down,../raw_videos/squat2.mp4
68.6,57.5,squat_down,../raw_videos/squat2.mp4
68.5,57.3,squat_down,../raw_videos/squat2.mp4
68.2,57.1,squat_down,../raw_videos/squat2.mp4
67.9,56.6,squat_down,../raw_videos/squat2.mp4
67.3,56.1,squat_down,../raw_videos/squat2.mp4
66.2,54.2,squat_down,../raw_videos/squat2.mp4
64.8,52.5,squat_down,../raw_videos/squat2.mp4
63.0,50.6,squat_down,../raw_videos/squat2.mp4
61.4,49.1,squat_down,../raw_videos/squat2.mp4
60.2,47.6,squat_down,../raw_videos/squat2.mp4
58.9,46.3,squat_down,../raw_videos/squat2.mp4
56.8,46.2,squat_down,../raw_videos/squat2.mp4
54.6,44.9,squat_down,../raw_videos/squat2.mp4
53.0,44.0,squat_down,../raw_videos/squat2.mp4
51.6,42.3,squat_down,../raw_videos/squat2.mp4
50.0,40.9,squat_down,../raw_videos/squat2.mp4
47.3,40.0,squat_down,../raw_videos/squat2.mp4
45.4,39.8,squat_down,../raw_videos/squat2.mp4
44.5,39.8,squat_down,../raw_videos/squat2.mp4
44.0,40.0,squat_down,../raw_videos/squat2.mp4
43.7,38.9,squat_down,../raw_videos/squat2.mp4
43.7,38.5,squat_down,../raw_videos/squat2.mp4
45.1,38.7,squat_down,../raw_videos/squat2.mp4
45.7,38.4,squat_down,../raw_videos/squat2.mp4
46.3,38.4,squat_down,../raw_videos/squat2.mp4
47.0,38.5,squat_down,../raw_videos/squat2.mp4
54.4,43.7,squat_down,../raw_videos/squat2.mp4
55.9,45.6,squat_down,../raw_videos/squat2.mp4
56.8,47.7,squat_down,../raw_videos/squat2.mp4
57.6,49.2,squat_down,../raw_videos/squat2.mp4
58.9,51.3,squat_down,../raw_videos/squat2.mp4
59.3,52.8,squat_down,../raw_videos/squat2.mp4
61.9,55.5,squat_down,../raw_videos/squat2.mp4
66.1,58.2,squat_down,../raw_videos/squat2.mp4
71.3,60.9,squat_down,../raw_videos/squat2.mp4
74.4,63.9,squat_down,../raw_videos/squat2.mp4
79.1,69.0,squat_down,../raw_videos/squat2.mp4
84.7,73.0,squat_down,../raw_videos/squat2.mp4
88.0,76.6,squat_down,../raw_videos/squat2.mp4
91.7,81.8,squat_down,../raw_videos/squat2.mp4
98.0,86.3,squat_down,../raw_videos/squat2.mp4
102.9,91.3,squat_down,../raw_videos/squat2.mp4
107.6,93.8,squat_down,../raw_videos/squat2.mp4
113.2,97.0,squat_down,../raw_videos/squat2.mp4
152.4,149.3,squat_up,../raw_videos/squat2.mp4
156.7,153.4,squat_up,../raw_videos/squat2.mp4
159.3,157.0,squat_up,../raw_videos/squat2.mp4
162.2,161.5,squat_up,../raw_videos/squat2.mp4
164.2,163.3,squat_up,../raw_videos/squat2.mp4
166.7,165.9,squat_up,../raw_videos/squat2.mp4
168.3,166.4,squat_up,../raw_videos/squat2.mp4
169.5,168.1,squat_up,../raw_videos/squat2.mp4
