left_elbow_angle,right_elbow_angle,torso_angle,label,source
166.2748157863559,137.05548713963458,13.736202447054726,latpulldown_down,lat_pulldown
131.98815890589316,170.78692239580397,15.397162173356014,latpulldown_down,lat_pulldown
148.30452293502398,147.6287170623313,20.440988761087297,latpulldown_down,lat_pulldown
149.4999365257451,149.3047036844538,20.276365269353768,latpulldown_down,lat_pulldown
150.406263622499,151.06760331852365,20.198337597635504,latpulldown_down,lat_pulldown
150.76528296736026,153.24015858780757,19.9846028123263,latpulldown_down,lat_pulldown
150.9947273378724,153.86673736775455,19.860062614929102,latpulldown_down,lat_pulldown
150.56309749902593,154.1027621201008,19.866567615130503,latpulldown_down,lat_pulldown
150.09773365737308,153.65278170011436,19.990847810380156,latpulldown_down,lat_pulldown
149.19106823087674,153.21870251586725,20.010229102744454,latpulldown_down,lat_pulldown
148.59585082078254,152.82947809406443,19.954364061857472,latpulldown_down,lat_pulldown
146.62941347858236,152.0228360845337,19.92542907297281,latpulldown_down,lat_pulldown
154.5219216848979,140.4713815265815,11.339448423253302,latpulldown_down,lat_pulldown
156.25661434131166,143.5472391978082,11.222513146262212,latpulldown_down,lat_pulldown
157.4962078793889,145.18724425627863,11.209320390138,latpulldown_down,lat_pulldown
158.0009210922168,148.56017487063198,11.015943046809976,latpulldown_down,lat_pulldown
158.14155776632836,149.60572255121377,10.917165257138324,latpulldown_down,lat_pulldown
158.2617486950788,150.0856881546018,10.912340631542303,latpulldown_down,lat_pulldown
159.73669435399503,154.2708411765684,10.759062797717762,latpulldown_down,lat_pulldown
160.36864259757508,154.62270237663478,10.381827510441154,latpulldown_down,lat_pulldown
163.5344632651596,154.86336623910856,10.231655791817229,latpulldown_down,lat_pulldown
164.53539095326906,158.14963852387822,9.49147965896121,latpulldown_down,lat_pulldown
166.0598376539971,158.47386183352978,9.20676364023832,latpulldown_down,lat_pulldown
165.47925962066486,156.7241850593827,9.251421437004431,latpulldown_down,lat_pulldown
165.78604368546473,154.95149159000502,9.28880017017614,latpulldown_down,lat_pulldown
165.32274750226264,153.60411016436146,9.170364145054087,latpulldown_down,lat_pulldown
164.55057954676806,152.8437335041889,9.086803185651789,latpulldown_down,lat_pulldown
164.2760167411908,152.99749567029934,9.024499044439896,latpulldown_down,lat_pulldown
163.560634412292,152.70409092231955,8.995156280653227,latpulldown_down,lat_pulldown
163.96235015947167,152.40573587239646,8.928103575531958,latpulldown_down,lat_pulldown
164.01056380294762,152.05928603817526,8.699301629426138,latpulldown_down,lat_pulldown
156.48358279688682,151.19728956551376,8.54643759786977,latpulldown_down,lat_pulldown
158.751277495183,151.2737292184258,8.454058717596034,latpulldown_down,lat_pulldown
156.94009988602954,151.44962175354462,8.490853997316057,latpulldown_down,lat_pulldown
156.52311458763936,151.33663965617473,8.39653260578664,latpulldown_down,lat_pulldown
155.12224814967036,151.08894424998002,8.37677763521506,latpulldown_down,lat_pulldown
154.46419376921315,148.608936960122,9.12243436953814,latpulldown_down,lat_pulldown
152.1865269632424,144.54735148354445,9.676494658147416,latpulldown_down,lat_pulldown
97.50058315318743,70.24530491960655,12.91016736657162,latpulldown_up,lat_pulldown
95.86340627797364,68.28640191555644,13.125730180561265,latpulldown_up,lat_pulldown
97.562066895284,66.82667662898389,13.11428158448767,latpulldown_up,lat_pulldown
148.4392263795601,147.79135495024718,11.843796285602416,latpulldown_down,lat_pulldown
149.70497947833505,151.3594158523766,12.024846726387327,latpulldown_down,lat_pulldown
153.1602567643436,154.93342407982212,12.01313753498552,latpulldown_down,lat_pulldown
154.20508585659147,155.89838589807405,11.887469821076948,latpulldown_down,lat_pulldown
155.55961430548555,156.59168507420043,11.697830856173477,latpulldown_down,lat_pulldown
156.84621302140027,156.86672878031183,11.580023401721956,latpulldown_down,lat_pulldown
158.90304500870778,156.62364268361873,11.51841692372287,latpulldown_down,lat_pulldown
160.43877486959258,156.19436855572903,11.43319451470114,latpulldown_down,lat_pulldown
160.6542026919677,156.35566022315575,11.376957614081253,latpulldown_down,lat_pulldown
161.24125105912853,156.73199542299858,11.257524629396276,latpulldown_down,lat_pulldown
162.34048442930398,158.30776425764117,11.19421133514415,latpulldown_down,lat_pulldown
163.49471673116682,159.24419726695345,11.157005325334923,latpulldown_down,lat_pulldown
164.14623418146016,161.45248825404852,11.086627931779883,latpulldown_down,lat_pulldown
165.4743827504194,161.57579774003082,10.89259860672243,latpulldown_down,lat_pulldown
170.26389960614924,162.82384133770444,10.73826609955535,latpulldown_down,lat_pulldown
172.30554764994943,163.138236570453,10.639777203013878,latpulldown_down,lat_pulldown
172.4363627199043,163.0332032248564,10.597475329466056,latpulldown_down,lat_pulldown
170.34195478089478,163.12042143024323,10.483301268890065,latpulldown_down,lat_pulldown
168.66551209600627,163.14857810373653,10.024386692181643,latpulldown_down,lat_pulldown
163.7749990858954,162.6268893563145,9.153899664264337,latpulldown_down,lat_pulldown
164.89205285787855,163.66629108382875,8.9131981365177,latpulldown_down,lat_pulldown
164.7825000172445,163.78137601998415,8.58595877235255,latpulldown_down,lat_pulldown
163.87656464597447,162.52342147453606,8.331967490237666,latpulldown_down,lat_pulldown
163.17951327620216,163.11912508690534,8.32902105206414,latpulldown_down,lat_pulldown
162.77971572935448,164.92857922265756,8.354206432079955,latpulldown_down,lat_pulldown
162.2931160472038,163.998178426981,8.471270540886037,latpulldown_down,lat_pulldown
159.95319919077903,159.7767060067298,8.672110963817989,latpulldown_down,lat_pulldown
156.21975771984847,157.2656550706887,8.952653239222073,latpulldown_down,lat_pulldown
154.16736688329357,158.14996820007528,9.341262477281187,latpulldown_down,lat_pulldown
153.6768156525847,157.9355483930654,9.497350031158316,latpulldown_down,lat_pulldown
152.41251798218698,152.42758404748,9.64539605970964,latpulldown_down,lat_pulldown
153.40226272724797,152.1322049522145,9.913563137882443,latpulldown_down,lat_pulldown
153.63215717120886,148.41090732687587,10.189661825672603,latpulldown_down,lat_pulldown
153.51107015953812,143.2411953865137,10.015670469528658,latpulldown_down,lat_pulldown
152.1366485913203,143.32877791033246,10.403691823549607,latpulldown_down,lat_pulldown
150.47657734055224,144.17187214067053,10.625887485368946,latpulldown_down,lat_pulldown
96.42026761874509,71.6420717119322,13.063307312492046,latpulldown_up,lat_pulldown
96.49323728622892,71.68869961364487,13.21941262470148,latpulldown_up,lat_pulldown
140.17951497448786,156.05514655867754,12.375679378564136,latpulldown_down,lat_pulldown
141.76076254808947,152.94995959488168,12.188488371125466,latpulldown_down,lat_pulldown
144.531070559165,155.91994536310975,12.126218991364595,latpulldown_down,lat_pulldown
146.4157481094981,158.287603338063,11.99061865893382,latpulldown_down,lat_pulldown
149.01990357609077,160.07103900027826,11.909205924341514,latpulldown_down,lat_pulldown
151.1864938152479,159.0883214104518,11.747774839289084,latpulldown_down,lat_pulldown
152.9499939881788,159.47423680301418,11.514339040262064,latpulldown_down,lat_pulldown
153.9305492339101,160.75456672586623,11.495430321381251,latpulldown_down,lat_pulldown
155.5474837506633,162.56849191242904,11.39428716268764,latpulldown_down,lat_pulldown
156.0881117470213,163.4360317719057,11.363353905088806,latpulldown_down,lat_pulldown
156.88633905917018,163.70717348499707,11.022072039922552,latpulldown_down,lat_pulldown
157.31450921538607,163.72560006184935,10.496040706402503,latpulldown_down,lat_pulldown
158.82844205953023,162.65720474425592,10.461741564169255,latpulldown_down,lat_pulldown
160.60652903577414,161.33795885802837,10.41673112302194,latpulldown_down,lat_pulldown
162.28839731015952,162.24650443920223,10.258809348629608,latpulldown_down,lat_pulldown
164.90440186975607,162.50244273779725,10.172036818392264,latpulldown_down,lat_pulldown
166.98997477535312,160.49123610844478,9.897747042302184,latpulldown_down,lat_pulldown
168.80257988746573,159.594721161877,9.826120183629524,latpulldown_down,lat_pulldown
169.3907277634648,158.86091299872172,9.781153866073634,latpulldown_down,lat_pulldown
170.05919508190405,156.6155352490035,9.719990062118988,latpulldown_down,lat_pulldown
169.4962190481736,155.36529713006874,9.364778400817872,latpulldown_down,lat_pulldown
169.58192907453122,155.10571463123355,9.25065978376053,latpulldown_down,lat_pulldown
168.9334216431876,154.55384203211403,8.841788744108312,latpulldown_down,lat_pulldown
164.1460292043707,153.54377234101534,8.696282255749196,latpulldown_down,lat_pulldown
163.67033923258376,153.87079299853852,8.573517129638075,latpulldown_down,lat_pulldown
162.76816675828044,153.78677990677693,8.532338043124401,latpulldown_down,lat_pulldown
161.72964272300803,154.26900872561893,8.431946133605244,latpulldown_down,lat_pulldown
161.63429855263377,154.43732848739782,8.485122524040115,latpulldown_down,lat_pulldown
160.8302710567392,154.77893007278132,8.574230802167554,latpulldown_down,lat_pulldown
160.26262987164122,154.73981165652697,8.653798279370676,latpulldown_down,lat_pulldown
159.22033708844822,155.85874547194055,8.786410799378162,latpulldown_down,lat_pulldown
158.03047297096546,154.81461840873465,8.831667875349662,latpulldown_down,lat_pulldown
157.40225141324743,151.93324334240864,9.032858456390986,latpulldown_down,lat_pulldown
157.19032105970578,150.19108347011516,9.011600521075705,latpulldown_down,lat_pulldown
157.56254790266345,148.283169342633,9.163340582564365,latpulldown_down,lat_pulldown
154.99252268086195,146.02045150408284,9.2288105130545,latpulldown_down,lat_pulldown
153.41859613043152,144.94452228447298,9.28116341042963,latpulldown_down,lat_pulldown
152.46819772806953,143.70157794787443,9.705311968345422,latpulldown_down,lat_pulldown
95.71643907199014,70.88944475076971,14.09389358588554,latpulldown_up,lat_pulldown
95.50838354716625,69.67535506858667,14.116325656424404,latpulldown_up,lat_pulldown
97.40567072412752,70.00422704677044,13.776962861208638,latpulldown_up,lat_pulldown
97.65515233919916,69.87168854194285,13.753321090718163,latpulldown_up,lat_pulldown
150.5597838522859,148.1412157605167,13.458284054681531,latpulldown_down,lat_pulldown
152.60261281789147,151.15291846146832,13.482025416476889,latpulldown_down,lat_pulldown
155.59969033203194,151.96590008719062,13.354623424149375,latpulldown_down,lat_pulldown
155.7875968063755,152.61640255494038,13.167510715526298,latpulldown_down,lat_pulldown
157.11619188986185,153.43884623585438,13.03557027917858,latpulldown_down,lat_pulldown
159.27671197829707,153.72517615665203,12.84650687740494,latpulldown_down,lat_pulldown
160.97521233424067,153.97459768812968,12.650946689307872,latpulldown_down,lat_pulldown
163.23881789807936,153.97868686357378,12.264850089574908,latpulldown_down,lat_pulldown
163.04314984606083,154.57843135494457,12.08744907726641,latpulldown_down,lat_pulldown
165.39066584845668,155.4545317816596,11.956050317394922,latpulldown_down,lat_pulldown
167.06870620710728,157.80416124018487,11.826775596074366,latpulldown_down,lat_pulldown
165.8219662167966,159.1328539910586,11.720918607896152,latpulldown_down,lat_pulldown
165.08873154817132,159.95216994795163,11.61921595649212,latpulldown_down,lat_pulldown
165.17423328807936,159.88565153451827,11.546851171733316,latpulldown_down,lat_pulldown
164.7464225505347,160.61361687704948,11.549490450007529,latpulldown_down,lat_pulldown
165.0265584828767,161.31984756936984,11.57157298909434,latpulldown_down,lat_pulldown
165.3464394977497,162.1751579650295,11.484509712111578,latpulldown_down,lat_pulldown
165.63589848193516,162.08511733180893,11.47140341752327,latpulldown_down,lat_pulldown
166.08943432661462,161.7451708342697,11.445940812984157,latpulldown_down,lat_pulldown
166.52858018125127,161.30462855390553,11.374525385239671,latpulldown_down,lat_pulldown
166.6644045000919,160.89251937027865,11.224627022906942,latpulldown_down,lat_pulldown
167.22534153466916,160.57756902140528,11.03056849062726,latpulldown_down,lat_pulldown
167.0240225356132,159.09493796128095,10.949767114633342,latpulldown_down,lat_pulldown
168.02078304665105,157.7912344371892,10.803283734967716,latpulldown_down,lat_pulldown
166.25937159492634,154.74406334811633,10.746094795468675,latpulldown_down,lat_pulldown
165.10120124675387,152.84851754181105,10.568560270888533,latpulldown_down,lat_pulldown
164.0010885672697,150.52538945133395,10.515428338870082,latpulldown_down,lat_pulldown
162.50211719800978,148.8939443729422,10.438929856106457,latpulldown_down,lat_pulldown
157.67611057328838,147.26992775144146,10.574518150444248,latpulldown_down,lat_pulldown
153.96596089050786,145.3198228065419,10.689328678235404,latpulldown_down,lat_pulldown
97.16616615514464,70.10750399725919,12.951569895974522,latpulldown_up,lat_pulldown
97.7132672017564,69.23116336494544,12.846023684881231,latpulldown_up,lat_pulldown
149.10803760286052,147.57567231996876,12.875167239174536,latpulldown_down,lat_pulldown
151.44465027688835,152.4542068674233,12.821000606454854,latpulldown_down,lat_pulldown
151.77617210104012,154.39382903608222,12.704878356692925,latpulldown_down,lat_pulldown
152.8857180231861,155.29893191749113,12.678668759432805,latpulldown_down,lat_pulldown
153.99367345614408,157.0347075200544,12.671370324934824,latpulldown_down,lat_pulldown
154.1975523089939,157.25809207163644,12.598518289949922,latpulldown_down,lat_pulldown
155.93441878452526,157.0889075784536,12.6512276120449,latpulldown_down,lat_pulldown
157.0737214156782,156.29345922711008,12.507379373714857,latpulldown_down,lat_pulldown
157.6360779907464,156.55861865126198,12.361351196542014,latpulldown_down,lat_pulldown
158.1499383910122,156.3544187699005,12.097745077235992,latpulldown_down,lat_pulldown
158.42081697933716,157.0633755094464,11.41818034004868,latpulldown_down,lat_pulldown
158.84854620013422,157.21316261536606,11.306139094436626,latpulldown_down,lat_pulldown
160.9903062514835,158.08113166875398,11.292338546243435,latpulldown_down,lat_pulldown
162.58384657117662,157.96490428775485,11.234585503421496,latpulldown_down,lat_pulldown
163.17028973123533,158.02330062564042,11.114833640466614,latpulldown_down,lat_pulldown
164.14775406373585,158.2723889650282,10.961890871812834,latpulldown_down,lat_pulldown
164.49926212567306,157.7750996974477,10.892718947826896,latpulldown_down,lat_pulldown
165.78851090678378,157.11767245856134,10.697545812855392,latpulldown_down,lat_pulldown
166.0853882406262,156.92411033286135,10.507388126984424,latpulldown_down,lat_pulldown
166.0990343486658,156.58091462584875,10.408255747747932,latpulldown_down,lat_pulldown
165.44772896050063,156.3768382586331,10.37741448129266,latpulldown_down,lat_pulldown
165.17636866187996,155.95701260629562,10.356272555808232,latpulldown_down,lat_pulldown
165.15952081986313,155.9799429481928,10.28173299133543,latpulldown_down,lat_pulldown
165.47324071089096,156.01331451321488,10.251489229172968,latpulldown_down,lat_pulldown
165.03752962352428,155.76053520434806,10.352893662199628,latpulldown_down,lat_pulldown
164.47011752981533,154.24223191029571,10.375076100610848,latpulldown_down,lat_pulldown
163.64836467863512,153.27724584336232,10.325516866696416,latpulldown_down,lat_pulldown
163.17298533243735,152.4513024006011,10.300307650895,latpulldown_down,lat_pulldown
162.33869500428528,152.40137956922285,10.263734029567134,latpulldown_down,lat_pulldown
161.9490843775571,152.2967222345465,10.103570284735875,latpulldown_down,lat_pulldown
161.34543096580052,151.36499207416753,10.083344125953458,latpulldown_down,lat_pulldown
160.63549600574794,149.6892016154049,10.02485240742543,latpulldown_down,lat_pulldown
160.0058706581336,149.17294785766558,10.06931984545002,latpulldown_down,lat_pulldown
158.8997643260576,145.69643103247978,10.135242830924398,latpulldown_down,lat_pulldown
156.56135852144223,144.35108511455823,10.304556990723269,latpulldown_down,lat_pulldown
150.51286005697278,148.67492327734092,12.392255543522436,latpulldown_down,lat_pulldown
151.99597911961834,149.28588177864532,12.321470007029696,latpulldown_down,lat_pulldown
154.87134285887177,154.9837661214281,12.221395937356103,latpulldown_down,lat_pulldown
157.1400167253388,157.3448283221199,12.212040424251969,latpulldown_down,lat_pulldown
157.15670208643095,157.22775681437514,12.153177746496318,latpulldown_down,lat_pulldown
158.63837891926642,157.97718171892623,12.125525164084891,latpulldown_down,lat_pulldown
158.7373264327302,159.4944015824986,12.098032956014825,latpulldown_down,lat_pulldown
157.17891986603996,161.99606857218984,11.939351302143756,latpulldown_down,lat_pulldown
158.31001904352783,162.26785160930007,11.669746146484467,latpulldown_down,lat_pulldown
158.01408457566262,162.5415779808622,11.589682106999762,latpulldown_down,lat_pulldown
157.2423979395855,165.49272261498766,11.59617632708322,latpulldown_down,lat_pulldown
155.5835459972631,165.5681521248653,11.528864033434424,latpulldown_down,lat_pulldown
155.6771771286945,166.76059333071848,11.343215367129522,latpulldown_down,lat_pulldown
159.16113178090208,167.97194572370083,11.194921177904387,latpulldown_down,lat_pulldown
160.15454101164573,169.18492115886505,11.154159687821902,latpulldown_down,lat_pulldown
160.28125152544504,169.29147746479845,11.093879287708566,latpulldown_down,lat_pulldown
160.36617477799695,169.71164430107893,11.050164224779149,latpulldown_down,lat_pulldown
160.58447655254363,169.9353630314625,11.01448097288444,latpulldown_down,lat_pulldown
162.08787472721437,170.16400795911255,10.964625603715756,latpulldown_down,lat_pulldown
163.1173906677436,170.2042013217241,10.95526729580862,latpulldown_down,lat_pulldown
163.21326256812867,170.20028733176082,10.90917592579049,latpulldown_down,lat_pulldown
163.24897075907083,169.82066093919926,10.80230350508037,latpulldown_down,lat_pulldown
163.3121788298032,169.27048714930237,10.69527864130519,latpulldown_down,lat_pulldown
162.76541093478545,167.6030653388065,10.682778768680125,latpulldown_down,lat_pulldown
160.78579777666184,166.2489607951878,10.52084550313451,latpulldown_down,lat_pulldown
159.76549752989814,164.2073891701592,10.494889697131692,latpulldown_down,lat_pulldown
159.27828660494345,160.71703220923186,10.044736191279396,latpulldown_down,lat_pulldown
159.32456176732802,157.9207525934318,10.014325035415023,latpulldown_down,lat_pulldown
160.7753614363134,156.4257570582504,10.031543031564366,latpulldown_down,lat_pulldown
160.05784798745813,154.79918482612433,10.102870208551357,latpulldown_down,lat_pulldown
156.92467286167266,152.5375138397808,10.02562406246879,latpulldown_down,lat_pulldown
152.20934627353083,149.4116897872632,10.196141980096945,latpulldown_down,lat_pulldown
149.27843301280947,148.4020618010688,10.130176979474054,latpulldown_down,lat_pulldown
149.3982402728923,147.5456892691895,11.465090616004089,latpulldown_down,lat_pulldown
152.2588437382772,149.64080893628147,11.280697893121127,latpulldown_down,lat_pulldown
153.10318393374925,147.6720462577213,11.334028490997364,latpulldown_down,lat_pulldown
153.8082565801859,145.57120084018976,11.619039071776989,latpulldown_down,lat_pulldown
154.71866725660013,147.0636380370183,11.84146099517836,latpulldown_down,lat_pulldown
156.13926853483542,147.15289403587343,11.994174355751264,latpulldown_down,lat_pulldown
157.38200938074226,156.06126340282918,11.948774322570303,latpulldown_down,lat_pulldown
158.57986451923355,156.14003877276446,11.975211063690132,latpulldown_down,lat_pulldown
158.91892731768365,155.25526611053482,12.018064525457255,latpulldown_down,lat_pulldown
158.68691738680704,154.80655739436483,11.686074685938337,latpulldown_down,lat_pulldown
158.82104358135442,156.6064603567139,11.62031368090511,latpulldown_down,lat_pulldown
159.9735368770092,158.41398532357806,11.216770483251262,latpulldown_down,lat_pulldown
161.670654852733,162.21016510239792,11.220915928603034,latpulldown_down,lat_pulldown
163.87496020562244,163.15340457975051,11.171306639753237,latpulldown_down,lat_pulldown
165.64905597407324,163.73417428494778,11.040393042122709,latpulldown_down,lat_pulldown
167.79145851978618,164.18303335608223,10.94327866617138,latpulldown_down,lat_pulldown
169.68432756424355,164.64054794580898,10.83737173693476,latpulldown_down,lat_pulldown
171.917186980336,165.0268718627863,10.571588930779216,latpulldown_down,lat_pulldown
172.0321740196664,140.2234187775532,9.44716873253965,latpulldown_down,lat_pulldown_2
150.9143125230672,172.89036493802857,13.049186309029846,latpulldown_down,lat_pulldown_2
169.693444300403,129.9011037595152,16.62395783314148,latpulldown_down,lat_pulldown_2
148.85924229874297,169.75507307571712,19.99700656693761,latpulldown_down,lat_pulldown_2
151.1378903263423,169.00337810394925,19.350194998909167,latpulldown_down,lat_pulldown_2
149.4077567570039,166.0860794061314,19.745050240987403,latpulldown_down,lat_pulldown_2
145.91994643652745,158.92368139347386,19.00702774957321,latpulldown_down,lat_pulldown_2
143.91020158321373,160.26587607645433,19.84152866636552,latpulldown_down,lat_pulldown_2
149.71249969067102,154.35486125658022,19.27528103905441,latpulldown_down,lat_pulldown_2
156.6309148959634,159.03418490758403,18.420568099544624,latpulldown_down,lat_pulldown_2
155.525316597605,158.90546718429243,16.43401743489448,latpulldown_down,lat_pulldown_2
148.89562062032402,157.064539002276,19.941471345907477,latpulldown_down,lat_pulldown_2
144.4008709133681,157.60473286764451,17.857766330994394,latpulldown_down,lat_pulldown_2
45.34048054716542,44.95267823890137,13.089453541793407,latpulldown_up,lat_pulldown_2
76.97598005049316,83.50011801984533,13.876496241636556,latpulldown_up,lat_pulldown_2
70.09426784178733,87.64134389348452,12.972645420200912,latpulldown_up,lat_pulldown_2
66.25630432872823,31.618272123505573,13.479148589623575,latpulldown_up,lat_pulldown_2
68.65850992138951,84.69939912231233,11.917599250805502,latpulldown_up,lat_pulldown_2
23.286613665785037,31.375207008717734,8.466268800260078,latpulldown_up,lat_pulldown_2
61.24117174712978,76.729448763733,11.421990770274164,latpulldown_up,lat_pulldown_2
6.434150144588059,21.884420372173917,13.987510545887762,latpulldown_up,lat_pulldown_2
57.21501265022565,64.3866975146108,15.115249404246171,latpulldown_up,lat_pulldown_2
71.67727167612135,88.65150507188059,14.731635909296704,latpulldown_up,lat_pulldown_2
74.09765824479332,88.78034787957336,15.806245376434966,latpulldown_up,lat_pulldown_2
13.121428381508892,56.0484217348348,4.2345622318793845,latpulldown_up,lat_pulldown_2
79.06715129024805,83.79945767840891,10.27733307410757,latpulldown_up,lat_pulldown_2
78.81374364370595,89.64349592159311,12.725522513848231,latpulldown_up,lat_pulldown_2
76.37889267187286,87.01091765316502,13.968455390965056,latpulldown_up,lat_pulldown_2
74.27435408031597,84.11560018486684,14.678166993565128,latpulldown_up,lat_pulldown_2
71.74020702694555,85.43077716202197,15.217795221629386,latpulldown_up,lat_pulldown_2
67.99802385666206,87.53804760896138,15.243693867312269,latpulldown_up,lat_pulldown_2
72.620021229595,87.73168821126643,14.917418890138531,latpulldown_up,lat_pulldown_2
71.92833776759691,87.5422268146188,15.41793387655392,latpulldown_up,lat_pulldown_2
70.89119533776461,81.55174952620185,15.306930182940942,latpulldown_up,lat_pulldown_2
73.15539121190707,82.76735144177073,15.108608836137922,latpulldown_up,lat_pulldown_2
67.91123770381084,86.26583852164248,14.89499039858146,latpulldown_up,lat_pulldown_2
68.49877642084921,85.15231335054176,14.796356752464172,latpulldown_up,lat_pulldown_2
70.98672085440204,85.66154456759311,14.875964548084552,latpulldown_up,lat_pulldown_2
75.39984825186532,85.70686940379932,14.578620975515436,latpulldown_up,lat_pulldown_2
72.24078928351744,85.35767490094385,15.009722910643962,latpulldown_up,lat_pulldown_2
72.48800496445806,84.74975980639883,15.410939478769436,latpulldown_up,lat_pulldown_2
76.43186123140036,84.57358171055019,15.39862206446233,latpulldown_up,lat_pulldown_2
76.19250731216849,82.88400460899551,15.624765188971535,latpulldown_up,lat_pulldown_2
79.5556223261405,85.74271870376886,15.066116950408174,latpulldown_up,lat_pulldown_2
80.18858022540174,87.44779024390247,15.051980048276882,latpulldown_up,lat_pulldown_2
170.88637519069692,171.027918907861,15.122892266970116,latpulldown_down,lat_pulldown_2
154.73716015930336,178.38512400752722,12.065837955891231,latpulldown_down,lat_pulldown_2
175.36658964416125,149.57725172968935,10.835784571043735,latpulldown_down,lat_pulldown_2
158.10884412756886,146.65154194290093,10.738992891669144,latpulldown_down,lat_pulldown_2
172.92692143351977,146.60745762223138,6.442128950432286,latpulldown_down,lat_pulldown_2
169.75351514634335,130.12931945203863,9.823736620346684,latpulldown_down,lat_pulldown_2
173.49164297339988,138.98024901972815,9.480262099858797,latpulldown_down,lat_pulldown_2
176.18718400701283,171.84231360214318,11.75603459182294,latpulldown_down,lat_pulldown_2
173.71409508823888,157.5430043462692,9.546494682391865,latpulldown_down,lat_pulldown_2
163.7635369149213,143.96354896967014,12.326750915113696,latpulldown_down,lat_pulldown_2
162.10944826066935,169.27101604665268,12.416204332690365,latpulldown_down,lat_pulldown_2
168.6960571317827,159.50976101197273,8.130583511841888,latpulldown_down,lat_pulldown_2
155.69351443450327,153.65766669643568,10.414631547567778,latpulldown_down,lat_pulldown_2
150.4193590715943,156.4302605892109,11.55937012774978,latpulldown_down,lat_pulldown_2
31.10935833746493,49.11641670963168,10.715724779738045,latpulldown_up,lat_pulldown_2
80.88025441828972,87.40958697871493,14.2882219498576,latpulldown_up,lat_pulldown_2
75.48819927813327,92.78854149372508,14.290244371345084,latpulldown_up,lat_pulldown_2
35.55764900611569,50.88644895642916,14.37420664349365,latpulldown_up,lat_pulldown_2
62.88663482242152,84.49602824705815,14.20277550599683,latpulldown_up,lat_pulldown_2
68.35598789326919,89.24354842633583,14.425223845509798,latpulldown_up,lat_pulldown_2
70.83505155895801,90.05267657988516,14.848304664486228,latpulldown_up,lat_pulldown_2
75.39567565639173,88.88684935499727,14.527460279471434,latpulldown_up,lat_pulldown_2
74.42620246859583,88.38054346627493,14.67956861224948,latpulldown_up,lat_pulldown_2
73.27493745880032,89.81734553794658,14.831459046645096,latpulldown_up,lat_pulldown_2
73.15821910605362,90.8341931454964,15.942523086972816,latpulldown_up,lat_pulldown_2
42.218205212087575,15.12852719000595,3.292353541706669,latpulldown_up,lat_pulldown_2
24.603851204371345,35.343170413848775,7.099400153935434,latpulldown_up,lat_pulldown_2
69.59295110004616,91.7931251645351,12.270240249502397,latpulldown_up,lat_pulldown_2
75.6544547959036,93.04708989710726,15.120661445038936,latpulldown_up,lat_pulldown_2
65.0827640659198,94.21690023530384,8.13974411464499,latpulldown_up,lat_pulldown_2
76.74153299156707,77.19870235292898,11.65820913937389,latpulldown_up,lat_pulldown_2
76.36364398113179,85.4746482867624,15.629716886215352,latpulldown_up,lat_pulldown_2
72.59199210792694,83.829606587222,16.815040873442733,latpulldown_up,lat_pulldown_2
77.19569002186658,84.16189260688756,16.307881118439017,latpulldown_up,lat_pulldown_2
81.26417632312766,85.88925799772629,15.929397255852274,latpulldown_up,lat_pulldown_2
11.25963790256244,57.10918311188126,1.0459697963981454,latpulldown_up,lat_pulldown_2
73.28890048864291,94.43851032951376,13.829763106683426,latpulldown_up,lat_pulldown_2
77.66922816472294,86.26151250391713,17.60054752946333,latpulldown_up,lat_pulldown_2
80.11095428493724,84.5345239734142,17.56657422458933,latpulldown_up,lat_pulldown_2
80.31168336161379,83.89112054990788,16.22502168741569,latpulldown_up,lat_pulldown_2
164.5069769339877,170.67748937597474,8.881589016941955,latpulldown_down,lat_pulldown_2
163.33456414046353,141.2433540627465,7.319977278109286,latpulldown_down,lat_pulldown_2
154.9547172403595,146.3381548675847,11.301420593077854,latpulldown_down,lat_pulldown_2
159.71657050574368,150.61370324540215,10.314720392342355,latpulldown_down,lat_pulldown_2
159.33807553286184,153.766362514368,10.695068718455998,latpulldown_down,lat_pulldown_2
154.34687523667128,153.90264495746047,8.216237595688673,latpulldown_down,lat_pulldown_2
156.83709591982176,152.22621182166296,8.849518152679238,latpulldown_down,lat_pulldown_2
161.4365261985104,169.22366373590216,12.724292094045865,latpulldown_down,lat_pulldown_2
155.5764222239248,179.96025059550732,13.57197937851538,latpulldown_down,lat_pulldown_2
146.9189187473519,148.94348320793014,15.828236929789869,latpulldown_down,lat_pulldown_2
20.614870269078843,91.29717326762936,3.603897301025597,latpulldown_up,lat_pulldown_2
55.32934570800472,29.254788771545623,9.437019176149043,latpulldown_up,lat_pulldown_2
55.89994313023607,72.73219507123694,22.82202092438277,latpulldown_up,lat_pulldown_2
76.18242491611548,92.96950400830626,12.83595554989376,latpulldown_up,lat_pulldown_2
68.55164804652225,88.68352245265487,14.9365995483948,latpulldown_up,lat_pulldown_2
63.4189646601737,87.47228499302527,13.906951842212209,latpulldown_up,lat_pulldown_2
81.09302624305708,64.00021040530189,6.3757198006485085,latpulldown_up,lat_pulldown_2
38.32936478947831,20.207926372531016,4.130351419161566,latpulldown_up,lat_pulldown_2
71.09104418136361,90.2363350902851,15.660007201735212,latpulldown_up,lat_pulldown_2
53.1387155440825,30.66772038687259,11.874406107974544,latpulldown_up,lat_pulldown_2
77.85493274025559,88.59822724394832,17.14219677983099,latpulldown_up,lat_pulldown_2
77.81588931871968,86.78116906276634,16.739141501027042,latpulldown_up,lat_pulldown_2
74.46926386476147,83.13298901303291,16.466176407037217,latpulldown_up,lat_pulldown_2
73.76036197231693,82.15007665100657,16.264722863237367,latpulldown_up,lat_pulldown_2
75.02492785963437,77.08194021758698,15.926506732941666,latpulldown_up,lat_pulldown_2
76.66529423700528,75.71561916476747,15.298842427259965,latpulldown_up,lat_pulldown_2
81.95252677172496,75.46803962369381,14.565194808285783,latpulldown_up,lat_pulldown_2
89.77975896230645,74.64346314389141,13.883227128381169,latpulldown_up,lat_pulldown_2
177.23598825586436,138.07486437533143,7.442897646618057,latpulldown_down,lat_pulldown_2
172.56807108857967,138.25431645820055,8.833464052328482,latpulldown_down,lat_pulldown_2
155.86024709602918,166.88229455218337,8.019189497695795,latpulldown_down,lat_pulldown_2
149.24679841378563,169.79046495302467,14.774773764399324,latpulldown_down,lat_pulldown_2
160.94198635005137,156.0266303847199,11.081799203821475,latpulldown_down,lat_pulldown_2
176.41350512238466,161.25519852052756,11.014355705415989,latpulldown_down,lat_pulldown_2
179.05778175217776,159.3116345518571,10.185208390141408,latpulldown_down,lat_pulldown_2
167.83970529750516,150.96220068901442,7.902698839492884,latpulldown_down,lat_pulldown_2
144.49553912626843,159.50999064262825,10.511830544642637,latpulldown_down,lat_pulldown_2
171.252940510751,155.94035762965208,8.708694365277152,latpulldown_down,lat_pulldown_2
177.14593291484292,151.4355348710203,8.34813370577154,latpulldown_down,lat_pulldown_2
176.65869647467218,152.70768917051177,8.545847193931719,latpulldown_down,lat_pulldown_2
141.99532757652298,175.70074171521358,12.099780250060247,latpulldown_down,lat_pulldown_2
78.31059402678497,88.54742675828453,12.003632248376269,latpulldown_up,lat_pulldown_2
15.208477367844676,19.733257946301165,4.697443717686214,latpulldown_up,lat_pulldown_2
70.5044672576304,85.26171114347491,12.444214023042104,latpulldown_up,lat_pulldown_2
42.50124020690416,59.258754471427146,11.678587551773616,latpulldown_up,lat_pulldown_2
49.45421828171351,7.249314167693796,1.7758175756947638,latpulldown_up,lat_pulldown_2
85.38699159710248,60.73491994986146,11.364320057026884,latpulldown_up,lat_pulldown_2
5.679522293939926,83.33039256349468,10.826420626046534,latpulldown_up,lat_pulldown_2
73.61558101104004,85.11126933461685,16.689655899763178,latpulldown_up,lat_pulldown_2
70.70566409992179,80.33293400120453,16.54957160835323,latpulldown_up,lat_pulldown_2
69.52074372584276,78.2500843839027,15.396698473573885,latpulldown_up,lat_pulldown_2
71.1069792153896,78.04611973222872,15.30068429717782,latpulldown_up,lat_pulldown_2
73.43977740590877,81.04648814030804,15.77707929056701,latpulldown_up,lat_pulldown_2
79.01585270419133,78.6782747907837,15.6404905009686,latpulldown_up,lat_pulldown_2
78.13788824384848,78.28381131410357,15.533469522757242,latpulldown_up,lat_pulldown_2
78.20214145230071,80.03255406895161,15.008065725320709,latpulldown_up,lat_pulldown_2
80.05020913809393,84.08639823612934,14.59435439673083,latpulldown_up,lat_pulldown_2
152.21003599844323,167.29419720462693,9.262894029238623,latpulldown_down,lat_pulldown_2
153.2201485466201,145.70924877689845,6.125215249230814,latpulldown_down,lat_pulldown_2
163.00379286544648,169.86643251373164,8.710127582352342,latpulldown_down,lat_pulldown_2
155.53257485454287,167.32264103759658,7.5264083709102545,latpulldown_down,lat_pulldown_2
147.84532276983543,163.33885548037733,14.21185629871244,latpulldown_down,lat_pulldown_2
146.4992700274501,154.09017236278498,6.187872888210706,latpulldown_down,lat_pulldown_2
148.64764112429702,159.2441265473715,9.285847905403951,latpulldown_down,lat_pulldown_2
141.01371462443325,154.72190374086426,7.244627119850535,latpulldown_down,lat_pulldown_2
157.33449532503224,156.46370198713106,8.182129734672538,latpulldown_down,lat_pulldown_2
147.5117381434329,166.89915067080528,16.050371383203945,latpulldown_down,lat_pulldown_2
145.62737646162034,149.32207009345913,11.775353153352976,latpulldown_down,lat_pulldown_2
70.98284354961777,70.00283763129887,72.49561783963199,latpulldown_up,lat_pulldown_2
74.88197131241704,80.14803860910362,69.68766110125733,latpulldown_up,lat_pulldown_2
154.48780272558125,151.1917360162022,20.65494967242117,latpulldown_down,lat_pulldown_2
170.67547135130928,147.12470326055004,21.484846228209754,latpulldown_down,lat_pulldown_2
131.3127339027474,175.71533601985226,17.901738479145756,latpulldown_down,lat_pulldown_2
176.31502763708212,139.09104894440242,8.773369546474644,latpulldown_down,lat_pulldown_2
144.02459365114257,165.04619202223273,14.19946357470456,latpulldown_down,lat_pulldown_2
174.71157888405952,152.72733215235104,6.943938983813195,latpulldown_down,lat_pulldown_2
152.22940205188138,148.32753866644288,6.056450219680874,latpulldown_down,lat_pulldown_2
157.35434401197634,167.1563245584697,7.657986225988513,latpulldown_down,lat_pulldown_2
162.3782196488953,151.66786798637312,12.557325460869006,latpulldown_down,lat_pulldown_2
164.63219054145208,155.41529093299584,11.529268008048136,latpulldown_down,lat_pulldown_2
164.15624643973658,154.08623003572762,11.4053423326005,latpulldown_down,lat_pulldown_2
162.87276525346397,154.97132703463438,9.020033635447412,latpulldown_down,lat_pulldown_2
161.65688646226744,158.12052136388166,8.730241954742883,latpulldown_down,lat_pulldown_2
160.6296166548676,154.34588149401915,10.395952103092569,latpulldown_down,lat_pulldown_2
159.3053798069174,150.33266696923457,11.808383328658117,latpulldown_down,lat_pulldown_2
152.16758679007546,148.38696302835794,12.633058049180368,latpulldown_down,lat_pulldown_2
146.4438244903256,148.15531738406986,12.323550829194708,latpulldown_down,lat_pulldown_2
79.07257392504799,88.01836708874093,12.941707010609203,latpulldown_up,lat_pulldown_2
73.7119339315941,85.397193674768,13.5297308388622,latpulldown_up,lat_pulldown_2
73.33786721476584,82.25920280106487,13.561816034241268,latpulldown_up,lat_pulldown_2
48.35777266997077,27.02122593320548,16.98438878027484,latpulldown_up,lat_pulldown_2
16.29223478344972,28.94673098266747,13.861271902864932,latpulldown_up,lat_pulldown_2
70.94693417551474,86.53994204949274,10.23089217562636,latpulldown_up,lat_pulldown_2
68.4215386104713,84.9654823780428,15.13779712348733,latpulldown_up,lat_pulldown_2
66.83658818451427,83.18802930867015,15.489999726704816,latpulldown_up,lat_pulldown_2
69.05771860988789,83.59881289157784,15.843926937076708,latpulldown_up,lat_pulldown_2
72.02525403237999,81.10391586317965,15.113279988550826,latpulldown_up,lat_pulldown_2
73.63541734598581,82.38817649615726,15.327640307417768,latpulldown_up,lat_pulldown_2
74.20826983479924,82.63031271497644,15.61337183915661,latpulldown_up,lat_pulldown_2
74.70508027680643,84.17723212630644,16.05898015949179,latpulldown_up,lat_pulldown_2
66.80337273481368,86.98598312569592,17.12603518844501,latpulldown_up,lat_pulldown_2
67.50026098710626,85.37834766007698,17.020474976067383,latpulldown_up,lat_pulldown_2
66.37411699674219,82.37842441209143,17.180605214400376,latpulldown_up,lat_pulldown_2
68.36619547059767,81.2012376169105,16.306164134090565,latpulldown_up,lat_pulldown_2
69.78031294865768,77.22818367418327,15.755782248103213,latpulldown_up,lat_pulldown_2
71.58409603111686,76.21546170050762,15.328526341468809,latpulldown_up,lat_pulldown_2
73.58605737953623,77.10461470332851,15.020941983764423,latpulldown_up,lat_pulldown_2
75.01707329853143,80.56037554394919,14.687649073544188,latpulldown_up,lat_pulldown_2
78.89384327605441,83.17057497636131,14.705223992234686,latpulldown_up,lat_pulldown_2
79.36951086107935,85.62107851172419,14.37915808838484,latpulldown_up,lat_pulldown_2
75.2008194588451,85.19903090424206,14.75426715010484,latpulldown_up,lat_pulldown_2
74.08387741946322,84.81872504446483,14.72193851816897,latpulldown_up,lat_pulldown_2
76.97011479746742,85.4300459245236,14.542916124312082,latpulldown_up,lat_pulldown_2
82.50735757401358,83.67267164677152,14.318889261395274,latpulldown_up,lat_pulldown_2
173.987814846462,141.60589711394394,7.162690006093923,latpulldown_down,lat_pulldown_2
174.6432592480064,141.99337570773912,6.059664008296623,latpulldown_down,lat_pulldown_2
156.50203461561696,175.8945165041905,10.24858252487608,latpulldown_down,lat_pulldown_2
163.55602284483186,156.3660749972072,8.389258841040338,latpulldown_down,lat_pulldown_2
158.58493454660248,154.25596945860383,8.03979016948345,latpulldown_down,lat_pulldown_2
158.7828180451456,160.6028914685602,11.521120418969993,latpulldown_down,lat_pulldown_2
172.2277412712377,156.41076611587218,15.118288429487944,latpulldown_down,lat_pulldown_2
178.88335800175963,163.6283485545046,9.379990136289065,latpulldown_down,lat_pulldown_2
139.75385088952396,167.32619110060722,10.678133205212532,latpulldown_down,lat_pulldown_2
150.7723139256336,163.01068439351425,8.233831696625511,latpulldown_down,lat_pulldown_2
141.42033460362887,179.27159489895047,10.304422278647612,latpulldown_down,lat_pulldown_2
33.23995351225104,8.819365937611574,5.843690067214749,latpulldown_up,lat_pulldown_2
73.5010464117178,93.01456464831266,15.212651037890158,latpulldown_up,lat_pulldown_2
61.52404255363685,92.8741335854685,11.595176950224646,latpulldown_up,lat_pulldown_2
71.48265482290562,91.25538757445952,14.89291926143006,latpulldown_up,lat_pulldown_2
10.432181562728529,51.10880514400686,2.6422931430938004,latpulldown_up,lat_pulldown_2
55.22035496299588,25.109834945133027,4.059587638327964,latpulldown_up,lat_pulldown_2
62.09374561995627,12.022155263408909,6.93922541975655,latpulldown_up,lat_pulldown_2
62.61816817801914,47.23371441498006,14.079455866705946,latpulldown_up,lat_pulldown_2
75.33710624213812,80.77433770972534,16.59328462931133,latpulldown_up,lat_pulldown_2
72.67266256940427,64.12939859194138,14.107643996894076,latpulldown_up,lat_pulldown_2
71.68442611215796,80.37962423572608,15.581911455566434,latpulldown_up,lat_pulldown_2
69.95691136839103,81.73872784467625,15.441088098720424,latpulldown_up,lat_pulldown_2
74.95037051371632,82.07173944155672,14.846454659394915,latpulldown_up,lat_pulldown_2
73.72402129986867,79.24411614919426,14.909661368782418,latpulldown_up,lat_pulldown_2
74.59096968163398,78.8252477304698,14.71772442192752,latpulldown_up,lat_pulldown_2
77.25730659182521,80.08146175405525,14.625918800446849,latpulldown_up,lat_pulldown_2
84.02183193891213,81.01349147592654,14.55620729914044,latpulldown_up,lat_pulldown_2
88.63931518982604,81.03001589990961,14.212708752763335,latpulldown_up,lat_pulldown_2
160.52783928263625,148.61498540398597,18.11416443688457,latpulldown_down,lat_pulldown_2
156.27872800351037,147.54140961416934,6.890002432706823,latpulldown_down,lat_pulldown_2
159.6878477807548,152.41498164258866,7.713171331747766,latpulldown_down,lat_pulldown_2
126.12310731253876,174.33107873568133,9.969290814501749,latpulldown_down,lat_pulldown_2
81.23476573748718,84.48962512093023,13.76318508864927,latpulldown_up,lat_pulldown_2
82.89879195297826,84.90667811362955,13.44619089380858,latpulldown_up,lat_pulldown_2
83.07382569338877,85.87412767606973,14.05559556220135,latpulldown_up,lat_pulldown_2
57.40958790908246,56.00551102789936,12.477986664088366,latpulldown_up,lat_pulldown_2
64.22496688798806,79.63139718706073,13.245416853376677,latpulldown_up,lat_pulldown_2
69.1388919792107,87.20113082381108,14.798244682961098,latpulldown_up,lat_pulldown_2
70.6181323532327,87.5554196843188,14.651912659297649,latpulldown_up,lat_pulldown_2
71.86227063940633,96.83254713863548,10.212048541113246,latpulldown_up,lat_pulldown_2
71.50296717043464,83.00023465997037,13.27871423115088,latpulldown_up,lat_pulldown_2
35.37362138118553,11.13911527564428,9.589809583067003,latpulldown_up,lat_pulldown_2
70.17496651170023,96.66854386877276,15.731502305652374,latpulldown_up,lat_pulldown_2
70.98094323280529,92.51818525027682,16.55871558575563,latpulldown_up,lat_pulldown_2
76.36108137284552,91.15618616345596,15.844620804544569,latpulldown_up,lat_pulldown_2
72.43904921609831,81.40291770619659,16.05677840022963,latpulldown_up,lat_pulldown_2
70.36217665326987,78.79995093127675,15.854236970914757,latpulldown_up,lat_pulldown_2
72.37853761280203,77.04955895521252,14.83603753983805,latpulldown_up,lat_pulldown_2
76.50506593386277,79.55289714142955,14.624375829810116,latpulldown_up,lat_pulldown_2
80.97175740719409,83.7341948587574,14.61218256953422,latpulldown_up,lat_pulldown_2
81.64183256655949,87.29156459405182,14.05554292369429,latpulldown_up,lat_pulldown_2
132.94961497798417,169.6236252753672,14.753593474468394,latpulldown_down,lat_pulldown_2
151.71644873865077,155.8994547714204,12.936208071912557,latpulldown_down,lat_pulldown_2
149.27438444875247,154.485168602128,10.228494139070524,latpulldown_down,lat_pulldown_2
150.08592005446968,164.1598221938084,11.44468229979158,latpulldown_down,lat_pulldown_2
179.58980697158464,155.159354746553,4.757513437416359,latpulldown_down,lat_pulldown_2
162.7816378723197,169.87223033195232,5.673449947443204,latpulldown_down,lat_pulldown_2
166.85171682523438,151.96152914802755,6.213988130269923,latpulldown_down,lat_pulldown_2
152.13252712132257,145.22948009524006,8.71704899580814,latpulldown_down,lat_pulldown_2
146.57093053113573,166.08285726184786,8.512309267571542,latpulldown_down,lat_pulldown_2
147.2078225800718,158.87454647037643,10.960596282259948,latpulldown_down,lat_pulldown_2
67.68678310064982,9.16398688504294,5.865752257356135,latpulldown_up,lat_pulldown_2
74.37596856216685,89.01339229515789,15.85786252845498,latpulldown_up,lat_pulldown_2
74.61894983936884,87.16568911661045,14.868114587049986,latpulldown_up,lat_pulldown_2
68.68106618607281,86.40809722861995,14.769057058426958,latpulldown_up,lat_pulldown_2
68.28260027313931,93.52286069280154,12.207698901488197,latpulldown_up,lat_pulldown_2
74.13625089767851,94.46888488052171,14.199486901935078,latpulldown_up,lat_pulldown_2
44.40342883020363,35.70504724095027,6.859932736150607,latpulldown_up,lat_pulldown_2
82.61347936524443,78.73399263979631,10.153463778609536,latpulldown_up,lat_pulldown_2
103.45944154037385,12.796548888763027,15.810709250656656,latpulldown_up,lat_pulldown_2
26.69784489010367,94.87709295411322,8.633320488405502,latpulldown_up,lat_pulldown_2
79.49329129501506,84.96056603502659,14.093713553792552,latpulldown_up,lat_pulldown_2
74.92328439614707,80.05091813131891,14.46848514577676,latpulldown_up,lat_pulldown_2
76.09083460303206,89.15778262686457,13.391096681437997,latpulldown_up,lat_pulldown_2
70.55848332063907,82.20796270154445,13.510297384183598,latpulldown_up,lat_pulldown_2
71.15200768333567,83.70754820590875,13.60331305886478,latpulldown_up,lat_pulldown_2
71.53116816079637,84.32615983109108,13.363718716000232,latpulldown_up,lat_pulldown_2
71.17732325473132,86.33167792782535,13.66276093450973,latpulldown_up,lat_pulldown_2
71.99906005062594,87.23752692422279,13.878173986886676,latpulldown_up,lat_pulldown_2
71.72090963737432,90.09112905199936,13.718444657389751,latpulldown_up,lat_pulldown_2
71.88026178827131,87.0543966131638,13.880684103237543,latpulldown_up,lat_pulldown_2
76.79087860717863,86.85875164305588,13.983982219605892,latpulldown_up,lat_pulldown_2
148.57898149580322,147.51416326195684,11.462105924931492,latpulldown_down,lat_pulldown_2
148.47856221867104,147.52955110942415,11.445751382453176,latpulldown_down,lat_pulldown_2
148.7422960540308,147.5278404220889,11.448494468467093,latpulldown_down,lat_pulldown_2
80.48703778524194,82.27490337128415,13.810545158825384,latpulldown_up,lat_pulldown_2
77.12466087202824,79.22282740356091,13.38073839913313,latpulldown_up,lat_pulldown_2
73.69750773322811,79.27184283069462,13.695590516582524,latpulldown_up,lat_pulldown_2
73.27786333926824,77.86776191585135,13.940006314968263,latpulldown_up,lat_pulldown_2
74.25982372768031,75.67103239454345,13.85133389072408,latpulldown_up,lat_pulldown_2
76.59582062388911,77.70662765198222,14.231675495600964,latpulldown_up,lat_pulldown_2
76.1717001308684,77.58278204379388,14.319918213606892,latpulldown_up,lat_pulldown_2
78.98479256721504,81.46848857449896,14.6484858707194,latpulldown_up,lat_pulldown_2
82.06131736885199,77.36111763977742,14.254456810638828,latpulldown_up,lat_pulldown_2
79.79727940025505,72.09012548654346,14.235189995294732,latpulldown_up,lat_pulldown_2
84.40043467165869,75.46722182924931,14.032957573459326,latpulldown_up,lat_pulldown_2
86.30143015106306,78.1729159900552,13.62756389311719,latpulldown_up,lat_pulldown_2
86.31972161941759,78.98167480785335,13.311612323874138,latpulldown_up,lat_pulldown_2
86.94854259314938,82.64723473290914,13.075120549193194,latpulldown_up,lat_pulldown_2
81.82323516638253,85.60520802402377,12.885731188397806,latpulldown_up,lat_pulldown_2
79.34080408259011,89.21997016825956,13.008012295886576,latpulldown_up,lat_pulldown_2
81.25803418973776,87.73325691306961,13.124798022740425,latpulldown_up,lat_pulldown_2
80.46922583127704,87.67293495893685,13.120784434375548,latpulldown_up,lat_pulldown_2
145.2100274632996,152.90850459657435,12.41445650766731,latpulldown_down,lat_pulldown_2
150.2145035036826,154.16151977584798,11.741282743431082,latpulldown_down,lat_pulldown_2
156.60884424982976,155.81388904937,12.10631129961151,latpulldown_down,lat_pulldown_2
155.42512915457766,154.9562581562663,11.081075268481078,latpulldown_down,lat_pulldown_2
156.40958072388543,154.68399881422488,10.808862863034555,latpulldown_down,lat_pulldown_2
156.93450573146634,153.41086373497637,9.546032853438366,latpulldown_down,lat_pulldown_2
158.15055913535957,152.91790966509467,9.07213507152237,latpulldown_down,lat_pulldown_2
158.54749960808817,152.56590104019793,7.43943373381984,latpulldown_down,lat_pulldown_2
158.13990084256582,153.02874606148825,8.254727246937524,latpulldown_down,lat_pulldown_2
157.63328850427897,152.91491082009307,8.486141976388337,latpulldown_down,lat_pulldown_2
155.153296922899,150.93862339691012,8.930863767630868,latpulldown_down,lat_pulldown_2
153.35234143294485,145.15385510217408,9.190798986083978,latpulldown_down,lat_pulldown_2
80.00940623441493,79.80410528268101,11.669725053456808,latpulldown_up,lat_pulldown_2
72.98772902267972,76.54073912792762,11.555786215118989,latpulldown_up,lat_pulldown_2
72.46563171841954,75.63480209881722,11.734155612336815,latpulldown_up,lat_pulldown_2
71.22100262399816,72.30079050402124,12.071905736183313,latpulldown_up,lat_pulldown_2
70.25898199989518,71.45422195898428,12.527089130106589,latpulldown_up,lat_pulldown_2
74.39049763521285,73.41939975809106,12.787106288071357,latpulldown_up,lat_pulldown_2
81.64639697432246,77.64054523944398,13.33093389892376,latpulldown_up,lat_pulldown_2
86.8780133714527,82.11860757141645,14.084499060592725,latpulldown_up,lat_pulldown_2
63.47171834906792,39.64043266413831,6.837812036266548,latpulldown_up,lat_pulldown_2
95.9515520795932,58.23704945913828,6.655059607228513,latpulldown_up,lat_pulldown_2
48.83883087650097,10.526457726475346,6.305657923153209,latpulldown_up,lat_pulldown_2
84.33809564254786,85.27186700399277,14.59618653397773,latpulldown_up,lat_pulldown_2
81.38445237954114,81.28993571248606,15.549951859896796,latpulldown_up,lat_pulldown_2
80.02881845960921,78.82824010637113,14.881235248013123,latpulldown_up,lat_pulldown_2
80.69280584338001,78.6532798656081,14.284186191857472,latpulldown_up,lat_pulldown_2
83.51331270041878,78.04380303893748,14.031848336018914,latpulldown_up,lat_pulldown_2
83.71839454116297,77.77340327795056,13.964827831365996,latpulldown_up,lat_pulldown_2
85.8279712604165,78.47159399998064,13.770812299452142,latpulldown_up,lat_pulldown_2
84.53902876748147,79.1232420231243,13.634713026258376,latpulldown_up,lat_pulldown_2
81.94158189137934,82.64297671811632,13.363510574899076,latpulldown_up,lat_pulldown_2
80.11263285287511,85.61962182991698,13.34135322646619,latpulldown_up,lat_pulldown_2
79.7407549760349,89.26902325370428,13.166082804528507,latpulldown_up,lat_pulldown_2
79.20365617116073,87.34026953154657,12.655013924758528,latpulldown_up,lat_pulldown_2
81.77591389932888,85.45856432565506,11.839991068309796,latpulldown_up,lat_pulldown_2
144.97682571252838,150.4075653947683,9.795641631281535,latpulldown_down,lat_pulldown_2
148.08478553007402,151.2286902860492,9.806207607725964,latpulldown_down,lat_pulldown_2
150.0990864187865,150.68650354743332,9.365316369103294,latpulldown_down,lat_pulldown_2
151.06795618416723,149.84479722514612,9.22571424206122,latpulldown_down,lat_pulldown_2
152.40814308413357,150.23155387407638,8.797901853190176,latpulldown_down,lat_pulldown_2
152.85532321292783,150.57275160982454,8.61709097873867,latpulldown_down,lat_pulldown_2
153.09954628698313,150.45217317211274,8.739991380873464,latpulldown_down,lat_pulldown_2
152.55963161811363,150.3495428442818,8.824597399208347,latpulldown_down,lat_pulldown_2
151.921158694578,150.11415939204673,8.888120105409424,latpulldown_down,lat_pulldown_2
149.32375823489423,148.79254684458425,9.31745316074006,latpulldown_down,lat_pulldown_2
77.97151501960572,82.99919512991116,11.83464720639634,latpulldown_up,lat_pulldown_2
74.98996191941366,80.55119591944243,12.012877869404385,latpulldown_up,lat_pulldown_2
70.512259469475,77.3262352236379,12.157141424651172,latpulldown_up,lat_pulldown_2
73.07335096949153,74.5891936960438,12.200248807676232,latpulldown_up,lat_pulldown_2
74.51828444590443,78.80725870867131,12.699435935384797,latpulldown_up,lat_pulldown_2
78.145209999731,79.44536207795295,12.968789176704917,latpulldown_up,lat_pulldown_2
80.72024089064755,80.27588107323926,13.744893890532316,latpulldown_up,lat_pulldown_2
83.07882373702166,85.97925314690089,13.51862957451607,latpulldown_up,lat_pulldown_2
81.63486817527838,86.60893305818747,13.917167075478805,latpulldown_up,lat_pulldown_2
80.82144394576984,86.697754339711,13.67376293227394,latpulldown_up,lat_pulldown_2
86.02090760849448,82.93891056939957,15.482024019400033,latpulldown_up,lat_pulldown_2
86.03469029572716,81.72915780334334,15.33671234858402,latpulldown_up,lat_pulldown_2
86.50510401873544,77.4330674155419,14.749531068366412,latpulldown_up,lat_pulldown_2
86.35688797020073,73.43756193371159,14.490588497181085,latpulldown_up,lat_pulldown_2
84.27030696565126,74.7788080882163,14.19345740719697,latpulldown_up,lat_pulldown_2
84.80793406026626,77.25754236468055,13.709417378279117,latpulldown_up,lat_pulldown_2
81.96490897634699,82.74346323805732,13.61272541713668,latpulldown_up,lat_pulldown_2
76.99384720357665,85.57642790982217,13.393375942983154,latpulldown_up,lat_pulldown_2
74.13002281287966,86.25164955741612,13.44012334814096,latpulldown_up,lat_pulldown_2
70.11239215313051,86.43583870867937,13.137443544722691,latpulldown_up,lat_pulldown_2
71.44926929160918,87.86952963999879,12.829566650048596,latpulldown_up,lat_pulldown_2
75.26771282000298,88.36831288383772,12.65365633879893,latpulldown_up,lat_pulldown_2
74.38871284201883,89.14987284792119,12.850437357016308,latpulldown_up,lat_pulldown_2
78.31928390629136,89.31710112624592,12.764729714294546,latpulldown_up,lat_pulldown_2
146.89425780126282,147.8980264385982,10.619921662295605,latpulldown_down,lat_pulldown_2
146.85012240370932,149.73191073165873,10.422074328953297,latpulldown_down,lat_pulldown_2
149.10758853662276,151.13901111036097,9.793713792796588,latpulldown_down,lat_pulldown_2
151.8950149842709,151.1319639515502,10.052135036980346,latpulldown_down,lat_pulldown_2
153.50401767705904,150.80891032989325,9.952458016393022,latpulldown_down,lat_pulldown_2
153.78664994805118,150.17344018637897,10.163843096960052,latpulldown_down,lat_pulldown_2
154.5776303876201,149.96607321059523,10.262294962140434,latpulldown_down,lat_pulldown_2
154.4824799437693,149.5643038256056,10.490880702091628,latpulldown_down,lat_pulldown_2
153.73524505827322,147.51050586626462,10.577444084667864,latpulldown_down,lat_pulldown_2
148.44684411635464,146.58879490518348,10.63813037608844,latpulldown_down,lat_pulldown_2
77.26958485143741,84.89206711452607,12.493843219457442,latpulldown_up,lat_pulldown_2
75.16749696075865,80.09822155810406,12.59339875252794,latpulldown_up,lat_pulldown_2
73.79050113875164,76.7525581528696,12.602985811118408,latpulldown_up,lat_pulldown_2
74.72471762447472,78.01910582741726,12.5406903844698,latpulldown_up,lat_pulldown_2
78.55534037405523,75.73334366309804,12.796361053478954,latpulldown_up,lat_pulldown_2
79.98463820482353,76.13224438703851,12.876071634288408,latpulldown_up,lat_pulldown_2
81.7947441928264,77.73181117359971,12.953497046767769,latpulldown_up,lat_pulldown_2
84.29928277646688,77.38573945510622,13.328248113895636,latpulldown_up,lat_pulldown_2
85.45730903840871,79.7274379125257,13.599373057836123,latpulldown_up,lat_pulldown_2
85.17697279321386,77.3272550188748,14.259768009255184,latpulldown_up,lat_pulldown_2
83.5474615187735,75.11599637384808,14.068575872500055,latpulldown_up,lat_pulldown_2
83.19783678584982,72.48972588256571,14.081485634127556,latpulldown_up,lat_pulldown_2
84.95598721678945,72.59266286316704,13.961838506192429,latpulldown_up,lat_pulldown_2
87.54897202010406,75.56519821048074,13.737892140339907,latpulldown_up,lat_pulldown_2
88.00059113507776,74.81431064602899,13.810674210965152,latpulldown_up,lat_pulldown_2
86.78120619275764,75.77915955611283,13.776395956603622,latpulldown_up,lat_pulldown_2
81.54517842408241,80.11874064724724,13.864248437327992,latpulldown_up,lat_pulldown_2
78.98956954084078,78.65910315123025,13.68544633059089,latpulldown_up,lat_pulldown_2
75.25834662797628,78.60126829286007,13.102641893175512,latpulldown_up,lat_pulldown_2
76.07818520261236,79.50309044594967,13.058928434430658,latpulldown_up,lat_pulldown_2
76.78660602998727,82.97128159442894,13.267614533256868,latpulldown_up,lat_pulldown_2
78.05340447681918,83.7928218545432,13.203671525232435,latpulldown_up,lat_pulldown_2
80.29592759788484,83.65500071581636,13.096342767326934,latpulldown_up,lat_pulldown_2
81.88779434223281,84.71084847393576,12.914865350771562,latpulldown_up,lat_pulldown_2
146.42297115451467,149.7230915964736,9.88354625572277,latpulldown_down,lat_pulldown_2
147.48431120635337,154.1172957480906,9.912318599725213,latpulldown_down,lat_pulldown_2
148.98697388119558,154.03218013926053,10.045680926485137,latpulldown_down,lat_pulldown_2
149.9039345323614,157.11528830737825,8.829828542372908,latpulldown_down,lat_pulldown_2
155.38317243225873,158.01200690821813,9.34249124980972,latpulldown_down,lat_pulldown_2
155.41782897297142,159.3762147222377,9.114867328616548,latpulldown_down,lat_pulldown_2
157.64417393092347,159.7050130656633,9.641734172657053,latpulldown_down,lat_pulldown_2
158.40100170124344,158.5591182325184,9.77244252956737,latpulldown_down,lat_pulldown_2
157.24720856176415,158.78688522447086,9.776840705754145,latpulldown_down,lat_pulldown_2
157.3213207020196,159.12389057776585,9.743418482841644,latpulldown_down,lat_pulldown_2
157.1608589954297,154.81183482660987,9.69422243741116,latpulldown_down,lat_pulldown_2
78.57638688619693,74.59463124905274,13.5509712261754,latpulldown_up,lat_pulldown_2
70.72275525052125,69.11837312086652,12.926350674715051,latpulldown_up,lat_pulldown_2
68.49210990641453,68.31952685644973,12.990243432819792,latpulldown_up,lat_pulldown_2
66.97124251136866,67.15671094595554,12.850834884270755,latpulldown_up,lat_pulldown_2
67.13846198305065,67.19091984649813,12.70511859870402,latpulldown_up,lat_pulldown_2
69.0797574170491,71.4517258132196,12.691028265938517,latpulldown_up,lat_pulldown_2
71.07170696005888,72.55414108306262,13.657387117894658,latpulldown_up,lat_pulldown_2
74.18167032895849,74.17208427518113,13.761255296140757,latpulldown_up,lat_pulldown_2
77.61312408043244,81.34520545037537,13.850878894894002,latpulldown_up,lat_pulldown_2
87.95203492144746,79.51782606811963,14.43936312748027,latpulldown_up,lat_pulldown_2
86.82852428979845,75.14161625663175,14.23814944657502,latpulldown_up,lat_pulldown_2
87.13032351432365,71.60109257797393,13.985566021794993,latpulldown_up,lat_pulldown_2
87.26367029377721,73.63681145486926,13.992545724615605,latpulldown_up,lat_pulldown_2
86.8491880019564,74.72527003393684,14.001139836794575,latpulldown_up,lat_pulldown_2
83.00755182102176,75.37838223898487,13.922599334243008,latpulldown_up,lat_pulldown_2
83.68558446690187,76.852333680034,13.745988477070515,latpulldown_up,lat_pulldown_2
81.45994474300882,78.6941903481927,13.460532570751486,latpulldown_up,lat_pulldown_2
78.29095215853647,78.98587678691437,13.254481741566938,latpulldown_up,lat_pulldown_2
76.12456857020165,78.55278872155192,13.075977964035529,latpulldown_up,lat_pulldown_2
74.2378471459975,77.11523103960585,12.95670591467606,latpulldown_up,lat_pulldown_2
76.74158270389866,78.59432447869779,12.969222988110058,latpulldown_up,lat_pulldown_2
78.92952271535677,82.02799704056979,12.837359739968234,latpulldown_up,lat_pulldown_2
79.59892542747808,82.21018200083064,12.795067471807943,latpulldown_up,lat_pulldown_2
80.42768501862915,82.17503752564545,12.612514162512165,latpulldown_up,lat_pulldown_2
82.54722151981507,83.88108749732913,12.423716190478022,latpulldown_up,lat_pulldown_2
148.68999247130998,153.7693319513671,12.56873573082025,latpulldown_down,lat_pulldown_2
149.92103439498632,154.0296711617655,12.106719740847709,latpulldown_down,lat_pulldown_2
148.6171670581068,155.2237826532587,10.550992757348707,latpulldown_down,lat_pulldown_2
147.69216604930782,154.21336824377684,10.380678908224176,latpulldown_down,lat_pulldown_2
148.07471930526006,155.46861030970678,9.818451537434475,latpulldown_down,lat_pulldown_2
147.51595898012283,155.57824350467456,9.647511022635808,latpulldown_down,lat_pulldown_2
147.34366432561075,154.76891558337744,9.245175608916131,latpulldown_down,lat_pulldown_2
147.14120219705546,153.01198434248536,9.243417423642969,latpulldown_down,lat_pulldown_2
146.17787119629622,149.71697805470907,9.395331973803987,latpulldown_down,lat_pulldown_2
79.44417692974623,86.1767938266986,12.30901808283316,latpulldown_up,lat_pulldown_2
72.751542455908,83.04204917529572,12.573126431242468,latpulldown_up,lat_pulldown_2
67.22072425700964,79.1822628984415,12.839718401107367,latpulldown_up,lat_pulldown_2
64.09365879514839,77.23183387128026,12.613537933824016,latpulldown_up,lat_pulldown_2
65.85171290189417,77.03701828177205,12.603206113949128,latpulldown_up,lat_pulldown_2
67.20703507914295,81.87713753660745,12.743704440049592,latpulldown_up,lat_pulldown_2
68.89450989524805,84.1256684680552,13.058664348644282,latpulldown_up,lat_pulldown_2
72.85134186827042,84.57669813026617,13.12897997091223,latpulldown_up,lat_pulldown_2
78.17424557986834,83.67598250201726,13.530390299443944,latpulldown_up,lat_pulldown_2
85.42492108519414,81.6204515097478,13.136881624160452,latpulldown_up,lat_pulldown_2
82.94926179949303,78.29396249967328,12.802035485260234,latpulldown_up,lat_pulldown_2
81.23299436356938,78.07933610327437,12.628142676039312,latpulldown_up,lat_pulldown_2
79.99912305806576,77.37650683498889,12.797952100146825,latpulldown_up,lat_pulldown_2
79.03831760832037,79.70655331248663,12.766482278960854,latpulldown_up,lat_pulldown_2
76.63757686793369,80.42590098993342,12.805856795362944,latpulldown_up,lat_pulldown_2
76.36175778831422,80.57062036397342,12.543304900600257,latpulldown_up,lat_pulldown_2
74.80035648801255,82.03782100926223,12.344187907481134,latpulldown_up,lat_pulldown_2
73.11524243313482,83.65952244380486,12.23454148413278,latpulldown_up,lat_pulldown_2
74.62910425302998,84.9796369719087,12.150188224239098,latpulldown_up,lat_pulldown_2
72.34385814029284,84.29566292807897,12.13984827766624,latpulldown_up,lat_pulldown_2
77.1292163810866,85.2526059413791,11.968093377640557,latpulldown_up,lat_pulldown_2
82.01552126215694,86.33146469215819,12.105015059833542,latpulldown_up,lat_pulldown_2
148.49440807717158,155.52841781488266,11.049389901839156,latpulldown_down,lat_pulldown_2
152.8774519061635,156.07593560327183,10.198818333547637,latpulldown_down,lat_pulldown_2
154.42126169896795,152.92127278721884,9.858318331914608,latpulldown_down,lat_pulldown_2
156.6915659946301,154.43420131398358,9.938521438008976,latpulldown_down,lat_pulldown_2
157.52549532225936,153.6869097716635,10.381361523683688,latpulldown_down,lat_pulldown_2
157.16681984450966,153.87436158058787,9.979353374948406,latpulldown_down,lat_pulldown_2
157.06193494575805,153.16320302023806,10.027091256263647,latpulldown_down,lat_pulldown_2
156.38662416070525,151.91885589309234,10.226165678116,latpulldown_down,lat_pulldown_2
154.91378941817123,150.40500225439538,10.518317084488796,latpulldown_down,lat_pulldown_2
153.5942467402608,148.45106589353315,10.08576602561402,latpulldown_down,lat_pulldown_2
149.06497057026755,146.02099744401295,10.363517515415143,latpulldown_down,lat_pulldown_2
82.74018555046827,84.88568401634188,12.659799531493004,latpulldown_up,lat_pulldown_2
77.78431031900429,81.34360786252006,12.620218508436004,latpulldown_up,lat_pulldown_2
75.3840854222062,79.93215569366228,12.625202341462698,latpulldown_up,lat_pulldown_2
71.67221911421787,78.21860754219384,12.805693698123328,latpulldown_up,lat_pulldown_2
70.78056975747484,77.37740158279692,12.597042375196931,latpulldown_up,lat_pulldown_2
72.86259718647189,80.55666662901972,12.682824911412794,latpulldown_up,lat_pulldown_2
75.2690999037604,82.04903145748561,12.96899587784216,latpulldown_up,lat_pulldown_2
75.19686883082922,82.99508488727945,12.799640908272831,latpulldown_up,lat_pulldown_2
78.93020381047135,84.17127622086396,13.570765392901762,latpulldown_up,lat_pulldown_2
86.5480449178597,82.3050668721863,13.90650433804666,latpulldown_up,lat_pulldown_2
87.66790633483339,81.76226096925387,13.82410279991294,latpulldown_up,lat_pulldown_2
86.07503013766059,77.61531197469634,13.520290987433476,latpulldown_up,lat_pulldown_2
86.48864386513962,74.71765750993374,13.46750870430278,latpulldown_up,lat_pulldown_2
89.23926134049263,74.90168930756958,13.12003251022276,latpulldown_up,lat_pulldown_2
87.67300225254836,76.56284351759986,12.965243196326917,latpulldown_up,lat_pulldown_2
85.05656241160925,78.368051470069,12.735604931548243,latpulldown_up,lat_pulldown_2
83.7016113666042,81.83222335453551,12.77239100316812,latpulldown_up,lat_pulldown_2
82.03577101776392,83.6370595100459,12.656110168732363,latpulldown_up,lat_pulldown_2
82.38077841425526,86.54737532039987,12.43922445821871,latpulldown_up,lat_pulldown_2
146.65093144419586,150.4643857289388,10.35052578520744,latpulldown_down,lat_pulldown_2
147.3598999494426,152.2005760584559,10.491620965919775,latpulldown_down,lat_pulldown_2
147.2325595222755,152.34731081501994,10.584956272097456,latpulldown_down,lat_pulldown_2
147.4287661099675,152.44124243943824,10.568478908419548,latpulldown_down,lat_pulldown_2
147.16221981590724,152.84695003840864,10.474181593787478,latpulldown_down,lat_pulldown_2
147.7511180420941,152.27079001494667,10.60946992485786,latpulldown_down,lat_pulldown_2
147.04182982061786,150.64509684901552,11.266735046516976,latpulldown_down,lat_pulldown_2
145.87318107685124,149.13879349322542,11.163944217373029,latpulldown_down,lat_pulldown_2
76.36108037845918,87.3335949511655,10.993664522387132,latpulldown_up,lat_pulldown_2
72.9191774986536,87.63100026716796,11.141720313976611,latpulldown_up,lat_pulldown_2
73.77744865064886,85.12547061523095,10.872260480188974,latpulldown_up,lat_pulldown_2
73.6930107374024,84.97166461732147,11.00801422029518,latpulldown_up,lat_pulldown_2
75.27709219662275,84.37091463665217,11.20844133770068,latpulldown_up,lat_pulldown_2
80.3033689755366,84.60442490361565,11.53273990448708,latpulldown_up,lat_pulldown_2
84.75664818034632,84.81905935071292,11.831731024651017,latpulldown_up,lat_pulldown_2
84.37715360367284,82.48380370741553,15.258467057154174,latpulldown_up,lat_pulldown_2
84.56592373271266,79.74706691853747,15.280767595447507,latpulldown_up,lat_pulldown_2
86.09458127779266,77.85154170819283,15.106276555877368,latpulldown_up,lat_pulldown_2
85.65667440502422,75.74220155539744,14.75137498633325,latpulldown_up,lat_pulldown_2
84.40897853972407,76.707958423444,14.72073825375102,latpulldown_up,lat_pulldown_2
84.82993237610312,78.10112027058992,14.639019434781789,latpulldown_up,lat_pulldown_2
86.0398942612971,80.47250196564217,14.377706369667788,latpulldown_up,lat_pulldown_2
86.16310509614581,82.25812490201112,14.270713879740564,latpulldown_up,lat_pulldown_2
81.23468959295434,83.87369575749103,14.042687688405138,latpulldown_up,lat_pulldown_2
78.09789091991485,82.1756783711935,13.484703430505338,latpulldown_up,lat_pulldown_2
77.70624658267086,82.1184585068419,13.0260339074958,latpulldown_up,lat_pulldown_2
79.26142193914794,81.86905755443603,12.983343157591708,latpulldown_up,lat_pulldown_2
79.89339236968189,83.22646672432425,12.915190116413196,latpulldown_up,lat_pulldown_2
81.16724888190777,83.61223412445969,12.77679205494244,latpulldown_up,lat_pulldown_2
81.1938591724645,84.32701557026212,12.761660941090966,latpulldown_up,lat_pulldown_2
144.0128277790869,151.76988464201582,11.35802470690238,latpulldown_down,lat_pulldown_2
148.392625005483,152.9752993912912,11.263381658866615,latpulldown_down,lat_pulldown_2
150.85789842122202,154.29220035348402,11.024578463759829,latpulldown_down,lat_pulldown_2
152.37064175433628,157.5846298643093,11.097029271319034,latpulldown_down,lat_pulldown_2
152.05129956530246,158.24619786167264,11.02833587950962,latpulldown_down,lat_pulldown_2
154.659026531826,158.02091766041028,10.93710488598444,latpulldown_down,lat_pulldown_2
156.03924546686224,160.59234651915108,10.91911674161854,latpulldown_down,lat_pulldown_2
156.14825706356993,160.29951036582102,10.68522178899925,latpulldown_down,lat_pulldown_2
155.5943349497726,159.24524359113497,10.365471650721773,latpulldown_down,lat_pulldown_2
155.22976523368908,156.64560856455182,10.268943445422789,latpulldown_down,lat_pulldown_2
153.60197770401214,153.472483442366,10.1802337020453,latpulldown_down,lat_pulldown_2
151.08523435817153,150.33264018748537,10.514895165219492,latpulldown_down,lat_pulldown_2
81.79485962075726,81.41627671994083,11.789494942127288,latpulldown_up,lat_pulldown_2
75.2870230935046,78.178115339132,11.156238228773828,latpulldown_up,lat_pulldown_2
72.04401862430669,77.0868578300575,11.462138822374223,latpulldown_up,lat_pulldown_2
70.60716431817097,76.01992422008455,11.660042949940468,latpulldown_up,lat_pulldown_2
76.4574551196757,77.55111863371599,12.078663950211098,latpulldown_up,lat_pulldown_2
77.50354509200946,75.51680122726333,12.589811089174091,latpulldown_up,lat_pulldown_2
76.74833246389129,77.28740291439419,13.003994870200614,latpulldown_up,lat_pulldown_2
78.04329167265092,79.54809507936336,13.061674904215728,latpulldown_up,lat_pulldown_2
79.4101197760022,81.25451079104963,13.497314142534153,latpulldown_up,lat_pulldown_2
82.07415846228035,84.96913130823815,13.65566697761533,latpulldown_up,lat_pulldown_2
86.98665695758554,76.25085340429224,14.254091237695164,latpulldown_up,lat_pulldown_2
85.71483307589885,75.71640590869886,13.850022659805784,latpulldown_up,lat_pulldown_2
87.92910262757046,77.91029444817983,13.560200339276534,latpulldown_up,lat_pulldown_2
87.75806391912718,76.3626489869283,13.277272008682562,latpulldown_up,lat_pulldown_2
82.9964206428819,77.26366712633501,13.163387140013995,latpulldown_up,lat_pulldown_2
81.14358317400274,80.36246094965286,13.10296142439446,latpulldown_up,lat_pulldown_2
80.5238872541804,81.66117122683272,12.963251170294155,latpulldown_up,lat_pulldown_2
80.44350569474003,80.32646666377963,12.81953229999701,latpulldown_up,lat_pulldown_2
78.23508591158698,80.98281609763092,12.769296729401672,latpulldown_up,lat_pulldown_2
76.87168079275075,80.81886175556036,12.575336504861015,latpulldown_up,lat_pulldown_2
76.8277947616683,81.80472295442138,12.41748640119436,latpulldown_up,lat_pulldown_2
78.94964598832028,83.7026755855203,12.594185164719311,latpulldown_up,lat_pulldown_2
81.28050968377909,86.55227089888331,12.481059243547058,latpulldown_up,lat_pulldown_2
149.67703026528093,149.7624051067829,10.019793439601909,latpulldown_down,lat_pulldown_2
151.1950572581771,153.23857870504105,9.765488422379404,latpulldown_down,lat_pulldown_2
154.27101128864692,154.67831321673128,9.75693065025741,latpulldown_down,lat_pulldown_2
155.540876035361,154.6866187515475,9.67685384238482,latpulldown_down,lat_pulldown_2
156.66602631461058,155.64137209778295,9.69353475643394,latpulldown_down,lat_pulldown_2
156.99425606756333,155.4354157068929,9.450801823328636,latpulldown_down,lat_pulldown_2
157.5011658174909,153.5778103469142,8.85122762887527,latpulldown_down,lat_pulldown_2
157.7363176104277,151.78900095197304,8.800248613262914,latpulldown_down,lat_pulldown_2
157.7560178029856,150.22154782340942,9.386835934810572,latpulldown_down,lat_pulldown_2
156.23974520615357,147.72656759028246,9.8351681041079,latpulldown_down,lat_pulldown_2
152.93423208702734,142.1700115161651,10.338301390920597,latpulldown_down,lat_pulldown_2
85.47839464194112,80.33109857643434,13.864725340495747,latpulldown_up,lat_pulldown_2
80.012427895588,76.13723024309259,13.701355217844284,latpulldown_up,lat_pulldown_2
72.77077094882559,73.12342866318959,13.67365856732041,latpulldown_up,lat_pulldown_2
74.84133362325211,72.15522327983346,13.53947866697478,latpulldown_up,lat_pulldown_2
73.71182453206038,75.48380971931391,13.46281512065914,latpulldown_up,lat_pulldown_2
75.74069944427868,77.67132222091055,13.680386692957914,latpulldown_up,lat_pulldown_2
79.47626971106885,78.7080030584105,13.92999574714822,latpulldown_up,lat_pulldown_2
78.89639715515243,83.6933106804873,14.27254275272564,latpulldown_up,lat_pulldown_2
82.67864284078905,84.01516900336232,14.778235589025542,latpulldown_up,lat_pulldown_2
87.14865621187442,79.30753786995909,15.252157700293916,latpulldown_up,lat_pulldown_2
84.58489798280037,75.98248416857261,14.84668132957319,latpulldown_up,lat_pulldown_2
83.73721435823471,74.12156829677645,14.460912685318153,latpulldown_up,lat_pulldown_2
82.5118493237199,71.71835047227808,14.135416809438848,latpulldown_up,lat_pulldown_2
85.03989753307728,71.92094729912837,13.840488591355436,latpulldown_up,lat_pulldown_2
85.18332479392518,76.22979741100208,13.791830678147722,latpulldown_up,lat_pulldown_2
88.22504877335474,79.59878374718244,13.522594218610507,latpulldown_up,lat_pulldown_2
85.71105135706445,79.8421236643094,13.33957133271764,latpulldown_up,lat_pulldown_2
83.92067584290645,81.05243626178725,13.183032237181084,latpulldown_up,lat_pulldown_2
81.48070635401625,83.18359572920151,13.194108710728743,latpulldown_up,lat_pulldown_2
83.40654677206437,85.0456236662568,13.172866190423443,latpulldown_up,lat_pulldown_2
145.12915422312184,157.0910210487239,10.014809905988756,latpulldown_down,lat_pulldown_2
146.13939850766633,155.00504758278797,9.875545647787314,latpulldown_down,lat_pulldown_2
146.55976742029156,154.21739808486564,9.885746132749668,latpulldown_down,lat_pulldown_2
147.28438695675675,154.70013324451122,9.711945579498195,latpulldown_down,lat_pulldown_2
147.02217832685142,154.85652478118504,9.768571285824486,latpulldown_down,lat_pulldown_2
146.9782717473943,154.60168727723183,9.918551463147738,latpulldown_down,lat_pulldown_2
147.18336141258743,154.71716140323406,9.912719896457086,latpulldown_down,lat_pulldown_2
148.27986909999493,154.46010295025656,9.82612261669231,latpulldown_down,lat_pulldown_2
149.2908171375449,153.94080235940726,9.890227843326658,latpulldown_down,lat_pulldown_2
149.31103455784387,153.00381671710898,9.868520732802375,latpulldown_down,lat_pulldown_2
148.9371805228799,153.0778906541831,9.937977456236634,latpulldown_down,lat_pulldown_2
148.8514332521548,150.69871880664104,10.05783597021026,latpulldown_down,lat_pulldown_2
76.8483499037341,88.93853213137156,10.644065832201932,latpulldown_up,lat_pulldown_2
71.60845283238075,84.95802879474607,11.149333037879352,latpulldown_up,lat_pulldown_2
70.53166910618191,80.55989719336931,12.021683333434105,latpulldown_up,lat_pulldown_2
68.38881650195063,78.59435161033382,12.327316690818552,latpulldown_up,lat_pulldown_2
72.00133664165021,78.01292349359835,12.51695773413335,latpulldown_up,lat_pulldown_2
74.39711457610888,76.0457315661425,12.68567068241954,latpulldown_up,lat_pulldown_2
74.0476038628555,77.80836524682249,13.030209666230526,latpulldown_up,lat_pulldown_2
74.99009078264157,79.06326927346763,13.3239663653648,latpulldown_up,lat_pulldown_2
79.3134967956395,81.75404399221624,13.604823349609878,latpulldown_up,lat_pulldown_2
34.72455240484361,72.15753103335743,13.056726423680526,latpulldown_up,lat_pulldown_2
66.28807308225768,76.73751963181412,13.249856402335352,latpulldown_up,lat_pulldown_2
77.83911014798538,71.45477558918418,14.34294252157582,latpulldown_up,lat_pulldown_2
84.69921284654653,72.09006949432144,14.301290411571028,latpulldown_up,lat_pulldown_2
87.87630773709304,74.97081792075339,14.35193228168286,latpulldown_up,lat_pulldown_2
88.30841518300747,75.92967436434927,14.709776266679937,latpulldown_up,lat_pulldown_2
88.55195654686443,75.83324005040186,14.234793985349947,latpulldown_up,lat_pulldown_2
89.162600699517,76.84356370249579,14.236590661341983,latpulldown_up,lat_pulldown_2
89.14191770723131,80.09701294374236,13.70459930345109,latpulldown_up,lat_pulldown_2
86.42260404904707,80.87339909329573,13.758006009863989,latpulldown_up,lat_pulldown_2
85.36206782511776,76.86485877400457,13.676214516150011,latpulldown_up,lat_pulldown_2
85.13331615100626,72.96037752095599,13.61671467422362,latpulldown_up,lat_pulldown_2
85.86683815537285,75.15952543221601,13.367551890252424,latpulldown_up,lat_pulldown_2
87.43812685999269,78.63911806445212,13.013729947860648,latpulldown_up,lat_pulldown_2
87.43275120706363,80.61513107748146,13.012789971742013,latpulldown_up,lat_pulldown_2
83.80305089627839,80.86928520092681,12.852757647938834,latpulldown_up,lat_pulldown_2
82.58547254670421,79.09545359725809,12.681941849720706,latpulldown_up,lat_pulldown_2
82.04102727412236,77.72203024166043,12.725016622302956,latpulldown_up,lat_pulldown_2
78.14285530706158,76.9115381600756,12.75451869671431,latpulldown_up,lat_pulldown_2
78.70145363387047,78.14745642426443,12.743125061899809,latpulldown_up,lat_pulldown_2
81.66611848872212,80.65498262651107,13.151242767477758,latpulldown_up,lat_pulldown_2
84.31522861675364,85.21690913445968,13.34161594196526,latpulldown_up,lat_pulldown_2
151.10968492171378,149.13685477498467,10.728873652691972,latpulldown_down,lat_pulldown_2
153.0945296463057,151.71085842526128,9.825906338617774,latpulldown_down,lat_pulldown_2
151.94427739169657,147.55574585642316,9.836381975318316,latpulldown_down,lat_pulldown_2
179.1200445525938,138.28424135318377,3.940609881051756,latpulldown_down,lat_pulldown_2
173.19005995513592,147.86325274051129,4.636957784846848,latpulldown_down,lat_pulldown_2
168.90030507565493,172.23603147990084,8.039462458080965,latpulldown_down,lat_pulldown_2
159.15612036112333,153.22217857760887,7.996407096884139,latpulldown_down,lat_pulldown_2
153.7426428398893,174.83748000095466,7.7421229712762,latpulldown_down,lat_pulldown_2
153.65311929128413,158.36909912164307,7.536816773369269,latpulldown_down,lat_pulldown_2
149.81486705280133,165.82285427878102,10.4197201654493,latpulldown_down,lat_pulldown_2
146.84697952757523,158.18574869028268,9.804230436446533,latpulldown_down,lat_pulldown_2
142.95216209784533,159.53821431011403,9.338991091709117,latpulldown_down,lat_pulldown_2
77.64291453012287,85.06246854534564,12.1811417388891,latpulldown_up,lat_pulldown_2
70.72630633706244,84.36286598927163,11.885947851071997,latpulldown_up,lat_pulldown_2
69.96801455192562,83.94346521883864,12.134846616582513,latpulldown_up,lat_pulldown_2
70.28579474040052,79.5770763380238,12.67059796170946,latpulldown_up,lat_pulldown_2
72.03443042344512,83.68479881516964,12.919900229891264,latpulldown_up,lat_pulldown_2
72.24046893846236,86.6202189458889,13.298932188587816,latpulldown_up,lat_pulldown_2
74.01454363341342,88.81273415022117,13.69409080662912,latpulldown_up,lat_pulldown_2
85.81870108061752,78.99890082768331,14.923962824581388,latpulldown_up,lat_pulldown_2
84.45609420883393,75.9410682563814,15.012625622941052,latpulldown_up,lat_pulldown_2
84.80615818515531,76.73327687901717,14.760526230957,latpulldown_up,lat_pulldown_2
83.72722227454948,76.68589386261011,14.567716706648882,latpulldown_up,lat_pulldown_2
81.36974986044538,79.1621766548758,14.595277460111102,latpulldown_up,lat_pulldown_2
78.71823337483643,81.5905916357103,14.239056330689635,latpulldown_up,lat_pulldown_2
77.13233134437218,81.81031465430605,13.685476212268604,latpulldown_up,lat_pulldown_2
77.79464022690746,83.76501358307125,13.041533154248292,latpulldown_up,lat_pulldown_2
75.36583725172028,83.18317278851893,12.879365828992016,latpulldown_up,lat_pulldown_2
75.90004752560763,81.89707195939592,12.846812596668762,latpulldown_up,lat_pulldown_2
75.69677532347865,84.77348424831791,12.72971232080225,latpulldown_up,lat_pulldown_2
75.48675287249604,86.43362840765514,12.38219235026465,latpulldown_up,lat_pulldown_2
79.08782384711989,88.08308958011872,12.243369608398924,latpulldown_up,lat_pulldown_2
151.16310268577277,150.28487245676075,9.601930002149716,latpulldown_down,lat_pulldown_2
153.7204295199509,150.1323264588958,9.338456685599215,latpulldown_down,lat_pulldown_2
153.32011608333755,152.53836074888116,9.649082722524517,latpulldown_down,lat_pulldown_2
152.85353268705774,152.66113927154203,10.418672368094215,latpulldown_down,lat_pulldown_2
154.6413980892321,152.8611768623271,11.231010068257367,latpulldown_down,lat_pulldown_2
156.785737256892,153.20776658041166,10.937503682400513,latpulldown_down,lat_pulldown_2
155.9332421727401,155.32791819308102,11.332057944951645,latpulldown_down,lat_pulldown_2
155.6300502777911,154.70495021677982,10.031238873216296,latpulldown_down,lat_pulldown_2
155.69862503228376,152.83078850539664,10.878946187035943,latpulldown_down,lat_pulldown_2
155.85017329515375,150.50377536529447,11.166371240400077,latpulldown_down,lat_pulldown_2
154.13351837508355,148.15736263311533,10.958058269167012,latpulldown_down,lat_pulldown_2
152.403992701644,145.051337010801,11.144659670498948,latpulldown_down,lat_pulldown_2
78.46995235137145,83.4156372730613,12.730844745858242,latpulldown_up,lat_pulldown_2
72.68362415850476,76.64513095105309,13.027263504778476,latpulldown_up,lat_pulldown_2
70.55580119313687,70.94063304898594,12.644965514861784,latpulldown_up,lat_pulldown_2
71.2950439670514,70.5761069797547,12.812522270690256,latpulldown_up,lat_pulldown_2
71.26387208593832,72.27140850121877,12.992350634711922,latpulldown_up,lat_pulldown_2
71.507106069573,74.5399366144427,13.343088159676402,latpulldown_up,lat_pulldown_2
74.70855135396917,77.18342128946877,13.385936123512693,latpulldown_up,lat_pulldown_2
75.68970564206214,75.46423700395675,13.433880303218082,latpulldown_up,lat_pulldown_2
80.76742236842671,77.64866997530095,13.543756915769896,latpulldown_up,lat_pulldown_2
84.63473654673784,83.13908540545187,13.743995122580053,latpulldown_up,lat_pulldown_2
85.50758165949885,82.09693062285557,13.703587072634186,latpulldown_up,lat_pulldown_2
85.83960716116317,79.06572146111431,14.877088256247834,latpulldown_up,lat_pulldown_2
85.45154259676154,75.00480755220606,14.75720963240592,latpulldown_up,lat_pulldown_2
86.03966634313872,71.88102964708784,14.517212572865208,latpulldown_up,lat_pulldown_2
87.73031605292857,74.75291582204895,14.413393748710927,latpulldown_up,lat_pulldown_2
88.73337681833658,75.17787260952673,14.090554040766603,latpulldown_up,lat_pulldown_2
87.48697408155796,75.19842091956296,13.882876885216769,latpulldown_up,lat_pulldown_2
84.21136072440376,76.17130210157191,13.82823569828708,latpulldown_up,lat_pulldown_2
85.31413335862732,76.35205290774391,13.32931498201954,latpulldown_up,lat_pulldown_2
83.10369656180242,76.27138601786315,12.917026355476729,latpulldown_up,lat_pulldown_2
81.16675845191158,77.20814156101285,12.75040048943304,latpulldown_up,lat_pulldown_2
82.93042413314986,81.97776104472386,12.49094188820114,latpulldown_up,lat_pulldown_2
84.47278398222376,83.6821186538678,12.479118677981912,latpulldown_up,lat_pulldown_2
147.14792402450604,150.89839343664408,12.591970830091302,latpulldown_down,lat_pulldown_2
149.73201375958823,154.08033551060836,12.045679492960735,latpulldown_down,lat_pulldown_2
151.28137500947895,155.11405062419678,11.409098153608234,latpulldown_down,lat_pulldown_2
152.96806162580472,157.95918109010205,11.16816687169676,latpulldown_down,lat_pulldown_2
154.58862521796135,160.34401270569387,11.002515023823776,latpulldown_down,lat_pulldown_2
156.61756855689418,159.6738122747323,10.789181084212643,latpulldown_down,lat_pulldown_2
156.80141453548546,159.11020569811436,10.53493344527849,latpulldown_down,lat_pulldown_2
156.22884572129436,158.7237111615904,10.125309951222553,latpulldown_down,lat_pulldown_2
155.6100368538819,157.85871145115456,9.693907851525216,latpulldown_down,lat_pulldown_2
154.6763733996777,157.12785859751065,9.62360031942056,latpulldown_down,lat_pulldown_2
153.58782914444916,155.65390677819553,9.765768505476377,latpulldown_down,lat_pulldown_2
151.72598391940394,152.94272772391747,11.067579671430664,latpulldown_down,lat_pulldown_2
148.48187297621593,150.45731579806204,11.230679385684091,latpulldown_down,lat_pulldown_2
80.4176336289266,78.84997153704909,11.857560124214269,latpulldown_up,lat_pulldown_2
77.00785238386878,76.33859577859288,11.876335247595543,latpulldown_up,lat_pulldown_2
72.42230441040196,73.29525828779283,11.531492456319809,latpulldown_up,lat_pulldown_2
71.28430165894257,70.8274697616567,11.681706323031442,latpulldown_up,lat_pulldown_2
74.82287701785391,70.31439338185119,11.645835456959515,latpulldown_up,lat_pulldown_2
74.60331496982872,73.2886949949775,12.219265733307068,latpulldown_up,lat_pulldown_2
77.88986116380535,75.5239052143207,12.466766541546278,latpulldown_up,lat_pulldown_2
80.74179195751384,80.12987104123759,13.162270044839124,latpulldown_up,lat_pulldown_2
82.47747927413853,84.06361601624862,13.6876948969826,latpulldown_up,lat_pulldown_2
85.81408475667106,80.55895397776025,15.336049738888011,latpulldown_up,lat_pulldown_2
85.82749159337041,81.9333196679878,14.839304867835532,latpulldown_up,lat_pulldown_2
84.19804307772954,81.39405338646498,14.57552030070874,latpulldown_up,lat_pulldown_2
83.87848398331796,81.05896258118759,14.31299327216849,latpulldown_up,lat_pulldown_2
84.37029820935172,80.01560352706547,13.867168128616916,latpulldown_up,lat_pulldown_2
85.7492057252598,80.29654945723432,13.722932276457188,latpulldown_up,lat_pulldown_2
86.26384735119493,77.01636839967297,13.842065833209492,latpulldown_up,lat_pulldown_2
83.52941984974959,76.09761178484608,13.677672904763352,latpulldown_up,lat_pulldown_2
83.69451950572322,77.75182540637904,13.909478786769204,latpulldown_up,lat_pulldown_2
86.99681613353403,78.69786132496793,13.843926128609068,latpulldown_up,lat_pulldown_2
152.8034063979703,148.21180162774243,11.100764402527624,latpulldown_down,lat_pulldown_2
153.28989923618096,150.44476147749722,10.557004321573093,latpulldown_down,lat_pulldown_2
153.595143398167,149.9376025075088,11.862353618168148,latpulldown_down,lat_pulldown_2
153.30362558438395,150.89551826195822,11.769958881731784,latpulldown_down,lat_pulldown_2
152.69017165507367,150.9642589901391,11.640980512121123,latpulldown_down,lat_pulldown_2
151.89104454495575,150.17999522820375,12.01190617230474,latpulldown_down,lat_pulldown_2
150.68635088682333,149.9791858688883,11.805101342135602,latpulldown_down,lat_pulldown_2
147.964327274587,148.62264869887758,11.662963900684296,latpulldown_down,lat_pulldown_2
83.12228884911343,84.51009695631754,12.839434789065546,latpulldown_up,lat_pulldown_2
78.8805555941681,80.43490532825676,12.802095904193465,latpulldown_up,lat_pulldown_2
75.03705883243717,76.36081921089419,13.124102109073108,latpulldown_up,lat_pulldown_2
71.48450210031038,72.09034560020866,13.16469774290482,latpulldown_up,lat_pulldown_2
71.1460287656205,72.21278334539377,13.18819728646082,latpulldown_up,lat_pulldown_2
73.4501052619537,71.4870216524046,13.065316454001806,latpulldown_up,lat_pulldown_2
71.89003417857529,75.1506319377442,13.004178540865285,latpulldown_up,lat_pulldown_2
72.18168252914676,77.17052835737638,13.4561683484168,latpulldown_up,lat_pulldown_2
75.65853638372883,79.15453575522075,13.83517380094193,latpulldown_up,lat_pulldown_2
80.07354251224515,82.7696007390456,13.98751124223716,latpulldown_up,lat_pulldown_2
84.58923721082974,82.03794197509644,15.583827752028244,latpulldown_up,lat_pulldown_2
83.8853482999632,78.46726872831783,15.408814643095004,latpulldown_up,lat_pulldown_2
84.80594301796569,77.64659208283759,15.182445747210489,latpulldown_up,lat_pulldown_2
83.95393314833647,76.14690891354707,14.938809725287204,latpulldown_up,lat_pulldown_2
84.44582925573401,77.1679324438384,14.662487154067044,latpulldown_up,lat_pulldown_2
88.51152089133663,74.95114266257085,14.649075119156834,latpulldown_up,lat_pulldown_2
84.96806789625141,76.66089837837109,14.16489975216657,latpulldown_up,lat_pulldown_2
83.00155613809895,79.23030084936569,14.244883484006936,latpulldown_up,lat_pulldown_2
81.90928941681439,80.46647189428735,14.46551272721188,latpulldown_up,lat_pulldown_2
78.56012227067735,80.16469746061662,14.580730880547634,latpulldown_up,lat_pulldown_2
80.41011353838577,79.92576427152724,14.24133340505186,latpulldown_up,lat_pulldown_2
81.806639033746,82.98762084937255,14.083017867903266,latpulldown_up,lat_pulldown_2
147.84786214111273,147.5313407871176,10.111582657392995,latpulldown_down,lat_pulldown_2
149.45484517160193,149.08023735677935,9.85995575834082,latpulldown_down,lat_pulldown_2
150.2942996671543,149.44608739184764,9.718108985995531,latpulldown_down,lat_pulldown_2
151.45043269607578,149.43067285649516,9.580450159524943,latpulldown_down,lat_pulldown_2
151.44035507915248,149.39204755157087,9.313078396221774,latpulldown_down,lat_pulldown_2
151.42394825942847,149.1173972043113,9.192112851172244,latpulldown_down,lat_pulldown_2
151.74846307781905,148.98257887383943,9.251487573061109,latpulldown_down,lat_pulldown_2
151.36166754340294,148.28457242884852,9.316868028075692,latpulldown_down,lat_pulldown_2
149.50033305505136,147.88079477720316,9.696947355985492,latpulldown_down,lat_pulldown_2
84.09826863485598,79.01985783995153,12.185160925641185,latpulldown_up,lat_pulldown_2
79.52003620537242,73.61900513496207,12.67548894812072,latpulldown_up,lat_pulldown_2
74.59431785286128,71.88238906320261,12.620346479416163,latpulldown_up,lat_pulldown_2
70.90049830812335,68.65285195873851,12.546262161766087,latpulldown_up,lat_pulldown_2
69.7414159366666,68.05332480743809,12.540087916086469,latpulldown_up,lat_pulldown_2
72.28556352151938,66.60582891648653,12.740255585487052,latpulldown_up,lat_pulldown_2
71.42114778823097,66.03682449659911,13.03601203239997,latpulldown_up,lat_pulldown_2
74.19135740271165,65.65352892755404,12.965467698353518,latpulldown_up,lat_pulldown_2
78.03170455013391,71.65392553859802,13.074900224936435,latpulldown_up,lat_pulldown_2
80.87549240009737,76.10544424668204,13.374445193195104,latpulldown_up,lat_pulldown_2
83.68734098884167,83.52779285753384,13.4558120598761,latpulldown_up,lat_pulldown_2
85.59324203665729,80.24445588988218,15.400262536830065,latpulldown_up,lat_pulldown_2
86.33350162716657,74.11668859011498,15.148675871487784,latpulldown_up,lat_pulldown_2
88.06440790145072,68.25490460726074,14.982329290813428,latpulldown_up,lat_pulldown_2
88.61613340792842,65.34775459471466,14.800195788702007,latpulldown_up,lat_pulldown_2
86.18171255390236,65.62360581461553,15.004302774299742,latpulldown_up,lat_pulldown_2
86.71509694573402,66.60422832918569,15.014218116658103,latpulldown_up,lat_pulldown_2
85.10831859737073,66.88166095888761,15.157467085020713,latpulldown_up,lat_pulldown_2
81.55961036607611,66.89963019572865,15.1381002464483,latpulldown_up,lat_pulldown_2
78.87123263529237,67.732062327034,14.827407328658598,latpulldown_up,lat_pulldown_2
79.2870321163718,71.8574711457067,14.370862433401994,latpulldown_up,lat_pulldown_2
79.28758507891514,76.56969268405285,14.112896666669624,latpulldown_up,lat_pulldown_2
80.88312083810025,79.76356953136761,14.015741099166997,latpulldown_up,lat_pulldown_2
83.98678194710402,82.72966739188809,13.903894939649431,latpulldown_up,lat_pulldown_2
146.15788272458084,153.79842154752023,11.514021065279014,latpulldown_down,lat_pulldown_2
150.47948761468055,157.00452411668869,11.03476751281316,latpulldown_down,lat_pulldown_2
153.37166050144566,160.0099799962661,10.708142330786195,latpulldown_down,lat_pulldown_2
159.31672151122874,164.8204365644731,10.22780791676144,latpulldown_down,lat_pulldown_2
162.06630109413987,166.59829351514136,9.750309660916145,latpulldown_down,lat_pulldown_2
163.8467252841261,168.83133751374788,10.206519807369414,latpulldown_down,lat_pulldown_2
165.66909192541473,171.91568818144805,12.362471106056136,latpulldown_down,lat_pulldown_2
169.452832524502,172.59236358300186,12.272698173327546,latpulldown_down,lat_pulldown_2
169.77401914603544,171.17313792594717,11.7508459670491,latpulldown_down,lat_pulldown_2
170.1613913838661,172.18835770561907,11.225331007696346,latpulldown_down,lat_pulldown_2
170.23548654250905,173.40719905507044,11.487925466925883,latpulldown_down,lat_pulldown_2
170.63872695685248,173.52890723897144,11.69849819482777,latpulldown_down,lat_pulldown_2
171.23446420489216,173.84711839540543,11.214048154727683,latpulldown_down,lat_pulldown_2
172.15526682129104,176.13436996674432,11.255589647568168,latpulldown_down,lat_pulldown_2
173.0313139517061,176.59147070664025,10.99963058908012,latpulldown_down,lat_pulldown_2
173.64619479925125,176.22573405645045,10.71595740235174,latpulldown_down,lat_pulldown_2
173.9922711848831,174.7363001655184,10.134960542405588,latpulldown_down,lat_pulldown_2
171.88060425335914,171.64172684811516,10.278936429271637,latpulldown_down,lat_pulldown_2
170.61211293697323,170.95676356179322,10.9878403463908,latpulldown_down,lat_pulldown_2
168.38946810463108,168.22635839388826,11.203152887522547,latpulldown_down,lat_pulldown_2
168.38796193092244,164.86396950777782,10.44439466181877,latpulldown_down,lat_pulldown_2
169.59594380578048,164.02229294250344,10.893393493062668,latpulldown_down,lat_pulldown_2
169.1587948948833,165.2742638494611,10.485907761026192,latpulldown_down,lat_pulldown_2
169.5280352632626,165.64989478089942,9.404291577441215,latpulldown_down,lat_pulldown_2
170.53191193700738,163.9824467801789,8.540522182164883,latpulldown_down,lat_pulldown_2
170.35375224935595,165.9016746106033,8.122789840732718,latpulldown_down,lat_pulldown_2
169.41226184603104,166.87949738105192,8.765704250539017,latpulldown_down,lat_pulldown_2
169.31154943350012,168.48788378577595,9.137000008043374,latpulldown_down,lat_pulldown_2
167.69193095261994,168.96676075866452,9.13259987007681,latpulldown_down,lat_pulldown_2
165.6344842092694,167.88827045308955,8.890007920570545,latpulldown_down,lat_pulldown_2
166.9949403742587,168.51615407060322,8.745573600466336,latpulldown_down,lat_pulldown_2
167.9232936785591,165.09537298229225,8.489783356103986,latpulldown_down,lat_pulldown_2
169.3556716254822,166.13107149878638,9.525969124505709,latpulldown_down,lat_pulldown_2
166.7832242768446,167.6713698393993,9.193814418606497,latpulldown_down,lat_pulldown_2
173.16048840731818,131.48887301972073,13.675735690508702,latpulldown_down,lat_pulldown_2
154.38931322499022,168.56298150449965,25.510536508587087,latpulldown_down,lat_pulldown_2
164.04442893755768,167.16728650009887,28.957293293659607,latpulldown_down,lat_pulldown_2
170.60391181833444,179.34204444980986,22.86205566558289,latpulldown_down,lat_pulldown_2
162.1698717747729,178.64760436935757,23.57761258785488,latpulldown_down,lat_pulldown_2
178.06642708480277,136.80764569003978,17.736824705778815,latpulldown_down,lat_pulldown_2
172.32788635519134,161.3899904406365,23.805914741608404,latpulldown_down,lat_pulldown_2
165.8656489081052,175.3012930160059,22.45314501745528,latpulldown_down,lat_pulldown_2
171.3980944793966,159.54866680154805,22.955245154193303,latpulldown_down,lat_pulldown_2
168.6730781532503,178.68462296172925,22.67588924278562,latpulldown_down,lat_pulldown_2
172.3252079469162,150.7397013794378,21.83068717733676,latpulldown_down,lat_pulldown_2
167.7597562820521,170.55498373231248,19.96831605102863,latpulldown_down,lat_pulldown_2
165.136654417914,159.66363885767493,17.629989015646057,latpulldown_down,lat_pulldown_2
164.01886592993688,164.50414609584885,18.755979911412258,latpulldown_down,lat_pulldown_2
169.36723909948867,164.23376826764337,17.57047446715986,latpulldown_down,lat_pulldown_2
165.33488022563648,163.77987479362744,15.715929633529578,latpulldown_down,lat_pulldown_2
166.5218237981048,162.96510155495065,14.76527934174214,latpulldown_down,lat_pulldown_2
164.93855503107193,153.8385076214814,12.797039833831438,latpulldown_down,lat_pulldown_2
162.37028941627827,152.32551860874537,11.914791966743149,latpulldown_down,lat_pulldown_2
155.6627668587619,147.34440037131017,11.560113696571284,latpulldown_down,lat_pulldown_2
152.94815029439178,147.74467286913847,11.629620192405008,latpulldown_down,lat_pulldown_2
157.03331748874078,149.2264641331632,11.369998477165602,latpulldown_down,lat_pulldown_2
155.83574637620467,151.85216117266813,11.233867304684937,latpulldown_down,lat_pulldown_2
154.22675672458146,157.38292197682867,11.06685632118172,latpulldown_down,lat_pulldown_2
152.52364777425302,158.9048969428221,10.731055890794629,latpulldown_down,lat_pulldown_2
149.45581443900056,155.1899929485131,11.48716786554382,latpulldown_down,lat_pulldown_2
